region	det	energy_keV	half_width_keV	rate_ct_s_keV	rate_error_ct_s_keV	model_ct_s_keV	residual_sigma	lhb_ct_s_keV	halo_ct_s_keV	cxb_ct_s_keV	cx_ct_s_keV
inner	pn	0.34848999977111816	0.002615004777908325	5.1544615733476125	0.23342003602005626	5.165649979549843	-0.04793250139533596	0.9549799752988171	0.13385642418268978	0.10274407064352599	3.974069509424813
inner	pn	0.35371799767017365	0.0026129931211471558	5.082006286311807	0.23278801212261	5.124961773450603	-0.18452619938251497	0.933328331041112	0.13357541857861316	0.10314058801603704	3.9549174358148473
inner	pn	0.35894249379634857	0.002611503005027771	5.553933508239698	0.2416138356272819	5.060688578965827	2.0414597864120663	0.9102310233815322	0.13305949422432808	0.10350607665035447	3.913891984709614
inner	pn	0.36416350305080414	0.0026095062494277954	4.99901190898935	0.23074748226830596	4.963873029825556	0.15228282804375612	0.8836787660139945	0.13205411324399105	0.10363214152853015	3.8445080090390404
inner	pn	0.36938050389289856	0.002607494592666626	5.176594861833543	0.23431325150923188	4.857222907394665	1.363012771927218	0.8573435827476475	0.13111048746092724	0.10393404484461059	3.7648347923414867
inner	pn	0.37459349632263184	0.0026054978370666504	4.993193483525691	0.2302260620898221	4.733399536426649	1.1284297908795577	0.8294552135729318	0.12997814095133792	0.10420556212123247	3.6697606197811576
inner	pn	0.37980300188064575	0.0026040077209472656	5.04709187416238	0.2307342724016003	4.598763787779639	1.9430493862758793	0.8007417592942798	0.12870051264903554	0.10444053135870546	3.564880984477622
inner	pn	0.3850084990262985	0.0026014894247055054	5.128152364932029	0.2329152418342163	4.458021407473428	2.8771451459393305	0.7715021491254153	0.12731142499930412	0.10464570933990335	3.454562124008791
inner	pn	0.39020998775959015	0.0025999993085861206	4.877517127760259	0.2269788188906987	4.316418199659482	2.4720321078548446	0.7421524762211883	0.12584979545818806	0.10482468251296777	3.343591245467133
inner	pn	0.3954080045223236	0.002598017454147339	4.336910856792651	0.2149875164426096	4.178823922920555	0.735330760073676	0.7130819726621259	0.12435248681683343	0.10497934803143713	3.2364101154101528
inner	pn	0.4006025195121765	0.0025964975357055664	4.2676897069983895	0.21372021491649587	4.048875992858887	1.0238325570886984	0.6844159287986046	0.12285215053957957	0.10511718383317846	3.1364907296875235
inner	pn	0.4057930111885071	0.002593994140625	4.0148555890032025	0.20777710129917676	3.9315254030408013	0.4010556766908333	0.6566950582628478	0.12139823277636841	0.10523382014011778	3.048198291861464
inner	pn	0.4109794944524765	0.0025924891233444214	3.645270158259583	0.198025885092793	3.828212608416713	-0.9238309934653509	0.6297993485471134	0.12001198185335533	0.10533401442235381	2.9730672635938937
inner	pn	0.41616199910640717	0.0025900155305862427	3.9983545195923624	0.20687383756209915	3.7403146535251173	1.2473296242198197	0.6037461037265699	0.11871753146157535	0.10541655401608425	2.912434464320885
inner	pn	0.4213404953479767	0.0025884807109832764	3.899053005869981	0.2045356687582945	3.6684566331430295	1.1274139817610664	0.5784790618104156	0.11753642456041583	0.10548155856146157	2.8669595882107317
inner	pn	0.42651548981666565	0.0025865137577056885	3.709551144363812	0.19972166001903538	3.6124415354230237	0.48622472360550506	0.5538639492460341	0.11647956414937337	0.10552500458577745	2.836573017441848
inner	pn	0.43168650567531586	0.002584502100944519	4.063239860892812	0.20850953665298205	3.572257430242064	2.3547240981494277	0.5300062308339267	0.11556673134409778	0.10554299258643868	2.821141475477613
inner	pn	0.4368535131216049	0.0025825053453445435	4.025546664179715	0.20769149123102446	3.547269365400826	2.30282567641098	0.5070131143184798	0.11480632993207746	0.10552821672381472	2.8199217044264624
inner	pn	0.44201649725437164	0.00258047878742218	3.966598171580742	0.2058874656840464	3.5367890253823915	2.087592582532114	0.4849264762159068	0.11420610214364371	0.10547570728821323	2.8321807397346395
inner	pn	0.447175994515419	0.002579018473625183	4.161504686268297	0.2103532255228187	3.540389308750915	2.9527257115912633	0.46399976838862955	0.11377326068497633	0.1053765177607457	2.8572397619165693
inner	pn	0.4523314982652664	0.002576485276222229	3.834384082203676	0.2024787664530195	3.5579452435036454	1.365273226139353	0.44451465171513715	0.11352074758289413	0.10522620140776101	2.8946836427978515
inner	pn	0.4574829936027527	0.002575010061264038	3.5025815451960467	0.1944552492909281	3.5895780161017963	-0.4473855615776797	0.4267940832116454	0.11346027394347445	0.1050155582852464	2.94430810066142
inner	pn	0.4626305103302002	0.0025725066661834717	3.4442758805989713	0.19307496829351753	3.635738765046794	-0.991650477221655	0.41126452979632727	0.11361014068744395	0.1047383045780178	3.0061257899849956
inner	pn	0.46777400374412537	0.0025709867477416992	3.583129661581037	0.1965654101604197	3.696900281450565	-0.5787926765786418	0.39840721041823546	0.11399175783376381	0.10439223084324736	3.0801090823553126
inner	pn	0.47291399538517	0.0025690048933029175	3.748092551150043	0.20001369204591465	3.7741357564788616	-0.13020711263526907	0.3885539039802622	0.11463122241710466	0.10397086101207678	3.1669797690694073
inner	pn	0.47805000841617584	0.002567008137702942	3.759153660415904	0.2006989025419516	3.8626557966772537	-0.5157085312896253	0.3814841529554654	0.11538032794863827	0.10331033095480883	3.262480984818338
inner	pn	0.48318201303482056	0.0025649964809417725	3.4826983452601907	0.19415933200376942	3.9762142066091952	-2.5418086076821864	0.37875710716442196	0.11664831925088227	0.10274422769383623	3.378064552500042
inner	pn	0.48830999433994293	0.002562984824180603	4.240485292980742	0.21340854095837175	4.110232309413289	0.6103456918008795	0.38000498481929756	0.11829259809431457	0.10210753471732605	3.5098271917823465
inner	pn	0.49343398213386536	0.0025610029697418213	4.2938041652429195	0.21475483913943152	4.2660858034857485	0.1290697889195159	0.385399173097876	0.12035602042930697	0.10140664300216648	3.658923966956383
inner	pn	0.4985544979572296	0.0025595128536224365	3.8612083016069207	0.2038447357452329	4.44551425426674	-2.8664265011488483	0.3950549494664319	0.12288988546443758	0.10064753463568324	3.8269218847001807
inner	pn	0.5036709904670715	0.0025569796562194824	4.107740011751772	0.21026114588546424	4.646781732300422	-2.563677270370641	0.4087832510549055	0.12589477211153155	0.09984660698183725	4.012257102152156
inner	pn	0.5087834894657135	0.0025555193424224854	4.506686667304097	0.21971125818406734	4.8685968829037005	-1.6472083342056447	0.42626037918722115	0.12937889038454664	0.09901243888355882	4.213945174448373
inner	pn	0.5138919949531555	0.0025529861450195312	4.372706728000279	0.21737989882842007	5.108650801205705	-3.385520359388491	0.44711717379273286	0.13332732074317866	0.09816435252785527	4.430041954141935
inner	pn	0.5189964771270752	0.0025514960289001465	4.906192427600931	0.22950569638376064	5.36076364583832	-1.9806533144924292	0.47052467389436553	0.1376723200892403	0.09731152981922486	4.655255122035485
inner	pn	0.5240974724292755	0.002549499273300171	5.144065243565634	0.2348182742606012	5.617724101504136	-2.0171294565125524	0.4955512422069928	0.1423280535065554	0.09647485394245656	4.88336995184814
inner	pn	0.5291949808597565	0.002548009157180786	5.523423218151555	0.24318722457085723	5.869863064677289	-1.4245807818937968	0.5210195076534304	0.14716479414767616	0.09566748549823861	5.106011277377941
inner	pn	0.5342884957790375	0.0025455057621002197	6.181106801548217	0.2567048839061186	6.106095292898746	0.29220912164999524	0.5456011696659073	0.1520306387841539	0.09490532034705451	5.313558164101637
inner	pn	0.5393779873847961	0.0025439858436584473	5.691213623958864	0.24718533287720026	6.31443697228334	-2.521279644994502	0.5678675454500873	0.15675658022903746	0.09420166858821885	5.495611178015994
inner	pn	0.5444639921188354	0.0025420188903808594	6.228897560114312	0.2582956137352158	6.482693592438205	-0.9825797219462845	0.5863632814644096	0.16116892167350944	0.0935629879771892	5.641598401323088
inner	pn	0.5495460033416748	0.002539992332458496	5.804495216379979	0.24989086450612435	6.600436773802284	-3.18515668428046	0.5997909185607452	0.16513574074240708	0.09300243539910615	5.74250767910002
inner	pn	0.5546239912509918	0.0025379955768585205	5.917037764946977	0.25193855596194403	6.657788252943547	-2.9402029600759554	0.6068856308161258	0.16851116014268863	0.09252175305264905	5.7898697089320965
inner	pn	0.5596984922885895	0.0025365054607391357	6.457343232808976	0.2630561082699364	6.649794380237272	-0.7315973337171503	0.6068748237098546	0.17125722065433707	0.09212268589272593	5.7795396499803475
inner	pn	0.5647695064544678	0.00253450870513916	6.466126341070462	0.26366506057925054	6.574555564706228	-0.4112384985616065	0.5992771366778783	0.17338373030063278	0.091803805495081	5.710090892232628
inner	pn	0.5698365271091461	0.0025325119495391846	6.221237586027441	0.2586581731123523	6.434147354231363	-0.823131802262598	0.5840142093314855	0.17496910246013098	0.09155827554000746	5.5836057668997165
inner	pn	0.5748995244503021	0.0025304853916168213	6.837800150976297	0.27035068045998073	6.235025667924065	2.2296022411582546	0.5614784127393269	0.17616796835894882	0.09138135643755523	5.405997930388234
inner	pn	0.5799590051174164	0.0025289952754974365	6.06708754018659	0.25530465298079424	5.986774200512684	0.31457844084003833	0.5323994077618355	0.17718318209786055	0.091261617873434	5.185929992779546
inner	pn	0.5850149989128113	0.002526998519897461	5.865156754799615	0.25114244812992975	5.701993150429938	0.6496854895882175	0.49790611498897247	0.17825845527472486	0.09119034302577414	4.934638237140451
inner	pn	0.5900675058364868	0.002525508403778076	5.878068439402024	0.2512759551362838	5.3947317144068725	1.9235295503423935	0.45933445553356334	0.17964077067348871	0.09115573561149137	4.664600752588319
inner	pn	0.595116525888443	0.0025235116481781006	5.486453774326972	0.24359787465811894	5.079328998493212	1.6712985546575303	0.4181647093973159	0.18155488880475606	0.09114626442579313	4.388463135865342
inner	pn	0.6001615226268768	0.0025214850902557373	5.41095397109987	0.24182282855503132	4.769381484545179	2.653068324393902	0.37592400422183114	0.18417689472514875	0.09115355598647837	4.118127029611728
inner	pn	0.6052030026912689	0.0025199949741363525	4.666833042125886	0.22542737662772563	4.47629401484219	0.8452346389070375	0.3340413071638379	0.1876000225660601	0.09116757362076292	3.863485111491524
inner	pn	0.6102409958839417	0.002517998218536377	4.2958988820336055	0.2169924061922718	4.208478250603173	0.4028741510565622	0.2937688383600716	0.19181490986267768	0.09117713915356719	3.631717363226856
inner	pn	0.615275502204895	0.002516508102416992	3.6176924521682454	0.19948233454285763	3.9714022943722678	-1.7731386742319772	0.2561513208245076	0.19672593930324125	0.09118028639480505	3.4273447478497157
inner	pn	0.6203070282936096	0.0025150179862976074	3.502473941075418	0.19638019123735947	3.766632874562891	-1.345140422886089	0.2219288830846239	0.20212267542818207	0.09116868249982879	3.2514126335502613
inner	pn	0.6253345012664795	0.0025124549865722656	3.9208956806824657	0.2071351558780224	3.5889243512710243	1.6026797962144703	0.19137021092405862	0.20750211252867623	0.09104333948740723	3.099008688330871
inner	pn	0.63035848736763	0.002511531114578247	3.477513590967469	0.19583648255992522	3.441707642031418	0.18283594797049343	0.16509513686579264	0.21295483163001344	0.09099294120109519	2.972664732334522
inner	pn	0.6353794932365417	0.002509474754333496	2.966036982921243	0.18156632618951032	3.3149563532307886	-1.9217185126352128	0.14282362415576133	0.21792125915753865	0.09092383081424668	2.863287639103251
inner	pn	0.6403964757919312	0.002507507801055908	3.325073323489132	0.19202661741060081	3.2012243703252166	0.6449572191291355	0.12431047993831461	0.22204759721904396	0.09082983688434243	2.7640364562835193
inner	pn	0.6454104781150818	0.0025064945220947266	2.9322316989503436	0.180604196220252	3.093165851473724	-0.8910875599319766	0.10917934839350198	0.22505691785496293	0.09071431665124198	2.668215268574009
inner	pn	0.6504215002059937	0.0025045275688171387	3.12103914247559	0.18627438657665743	2.9839055689920113	0.7361912499287403	0.09696375737559693	0.226743768776975	0.090575665801708	2.5696223770377276
inner	pn	0.6554285287857056	0.0025025010108947754	2.6968901865217743	0.17326727334866743	2.8679303900408364	-0.9871466215946981	0.08717337076424217	0.22701429284809055	0.09041708700560994	2.4633256394228966
inner	pn	0.6604325175285339	0.0025014877319335938	2.7201255212871525	0.17362186563963686	2.7415644299996287	-0.12348046505256448	0.07931820605083965	0.22588208914427643	0.09023832421538966	2.3461258105891223
inner	pn	0.6654334962368011	0.002499490976333618	2.5072138586868333	0.16747894314350226	2.602726618056164	-0.5702971225910584	0.07294312170363397	0.22346235150217642	0.09003992911445792	2.216281215735898
inner	pn	0.670430988073349	0.0024980008602142334	2.3200595136065942	0.16063914139113122	2.4514938949744103	-0.8181964882879562	0.06765881340945856	0.21996911337145075	0.08982532179406089	2.0740406463994376
inner	pn	0.6754254996776581	0.0024965107440948486	2.168151587124121	0.1567000389853347	2.2893979141090357	-0.7737479056802413	0.06313927368135373	0.21566285103891347	0.08959253729552873	1.9210032520932414
inner	pn	0.6804165244102478	0.002494513988494873	1.8474165134604872	0.14497082068536005	2.119504556009759	-1.8768469493581956	0.05913630734251184	0.21085103635743513	0.08934640180831684	1.7601708105014897
inner	pn	0.6854045391082764	0.0024935007095336914	1.9536523868638191	0.14834662386518782	1.9455746070168474	0.05445206393313392	0.055465889606897974	0.2058227239208109	0.08908637537395706	1.5951996181151786
inner	pn	0.6903895139694214	0.002491474151611328	1.8470796690743703	0.14436658940123703	1.7718274359978898	0.5212579544102994	0.05200398002718011	0.20083787717490514	0.0888142488271069	1.4301713299686933
inner	pn	0.695371001958847	0.002490013837814331	1.740697649303928	0.14023890405260322	1.6024587768119787	0.9857383971005378	0.048676133109566866	0.19609577717760548	0.08853046073129367	1.269156405793515
inner	pn	0.7003500163555145	0.0024890005588531494	1.444401808012647	0.12859994493054958	1.4412297743337463	0.02466590231134072	0.04544427659223069	0.19172333906891473	0.08823618402709399	1.115825974645508
inner	pn	0.7053259909152985	0.002486974000930786	1.1820326471522922	0.11767727691536943	1.2913256309829304	-0.9287518091469692	0.04229935671469285	0.18777790411768408	0.0879356470517594	0.9733127230987975
inner	pn	0.710298478603363	0.002485513687133789	1.2358900875672452	0.1195575909603633	1.155003906047395	0.6765457623403128	0.03924544473253783	0.18423046872293633	0.08762524560623357	0.8439027469856831
inner	pn	0.7152684926986694	0.0024845004081726074	1.213920382190163	0.11869354112376015	1.0337307454933915	1.5181081884555971	0.03629937282378428	0.18101372256270135	0.08731027386475548	0.7291073762421524
inner	pn	0.7202354967594147	0.002482503652572632	0.7991891615533278	0.09874522601184244	0.9278828423847084	-1.303290154158405	0.0334656345227489	0.17801207786587436	0.08699030385785694	0.6294148261382279
inner	pn	0.7251995205879211	0.002481520175933838	0.7925426761961629	0.09818852943323934	0.8378001417939582	-0.4609241614985884	0.030794895172639	0.17510440410030229	0.08666510554975457	0.5452357369712612
inner	pn	0.7301610112190247	0.0024799704551696777	0.7789679441958854	0.09712829768075969	0.7623434433034596	0.17116022095915945	0.028278494737759716	0.17217604545035237	0.08633838166854517	0.4755505214468017
inner	pn	0.735119491815567	0.0024785101413726807	0.8357337010948208	0.10052755993335995	0.7003915095991454	1.346319273892594	0.025920374421781026	0.16913070292353602	0.08600778194676863	0.4193326503070597
inner	pn	0.7400749921798706	0.002476990222930908	0.6790809978027242	0.09078750863026593	0.6505624865587544	0.314123734357687	0.02375693622385267	0.1659247919878257	0.08567498458993442	0.37520577375714176
inner	pn	0.745027482509613	0.0024755001068115234	0.5964780895347358	0.0871863265701654	0.6111055089927857	-0.16777194353151376	0.021766686755389092	0.16254415245775009	0.08533994718875995	0.3414547225908865
inner	pn	0.7499774992465973	0.0024745166301727295	0.6621153086572317	0.08967221041023837	0.5803736086409901	0.9115611139982414	0.019948700736178344	0.15902020300572475	0.0850033533150562	0.3164013515840321
inner	pn	0.754925012588501	0.002472996711730957	0.5178278996947321	0.07998486880671792	0.5567638268984878	-0.48679116168639003	0.018297851363363246	0.15541458247275383	0.08466392416059647	0.29838746890177237
inner	pn	0.7598699927330017	0.0024719834327697754	0.46614699248970703	0.07795836506686134	0.5388326937295155	-0.9323656438596324	0.016807370162661116	0.15181229624704393	0.08432250544026228	0.2858905218795471
inner	pn	0.7648124992847443	0.0024705231189727783	0.6525385750034104	0.08918277263243178	0.525244452493317	1.4273398185851227	0.015467363594504483	0.14830032977484522	0.08397783488633997	0.2774989242376275
inner	pn	0.769752025604248	0.002469003200531006	0.615147800351684	0.08737943099642667	0.514856176489579	1.1477715375167223	0.014267531553953711	0.144958902116522	0.08363019385188984	0.2719995489672131
inner	pn	0.7746890187263489	0.0024679899215698242	0.6387482970311853	0.08803358494392513	0.5066931123275022	1.500054607429635	0.01319654314169092	0.14184603461854292	0.08327940871456796	0.26837112585270045
inner	pn	0.7796235084533691	0.0024664998054504395	0.45298097839328	0.07665802186015128	0.4999414561543713	-0.61259704622645	0.012243162411614791	0.13898890899549046	0.08292547229424284	0.2657839124530228
inner	pn	0.7845554947853088	0.002465486526489258	0.621354488621548	0.08814118936289633	0.4939205790465259	1.4457929430739707	0.01139610337425559	0.136375989775662	0.08256623587520598	0.2635822500214025
inner	pn	0.789484977722168	0.002463996410369873	0.5791040841540311	0.0843021651174534	0.48808945636593387	1.079623846686402	0.01064379397181571	0.13396414248514213	0.08220281197043143	0.26127870793854396
inner	pn	0.7944119870662689	0.002463012933731079	0.6142469328616023	0.08757377037606577	0.4820560641373644	1.5094801577752566	0.009979428092206548	0.13168880488154977	0.08183634040608372	0.25855149075752426
inner	pn	0.7993369996547699	0.0024619996547698975	0.45364772121013774	0.07685324341121821	0.4754872261298496	-0.28417154501671915	0.009393685500905437	0.1294549335168351	0.08146587000162042	0.2551727371104862
inner	pn	0.8042594790458679	0.002460479736328125	0.5888009036621972	0.08507330157654483	0.4681515007039037	1.4181817411863225	0.008878559096426387	0.127158392711052	0.08109130631558996	0.2510232425808343
inner	pn	0.8091799914836884	0.0024600327014923096	0.4427830928327011	0.07617290788808814	0.4596158052542647	-0.22098030504879643	0.008423004172209562	0.12462216154079399	0.08066188599496495	0.2459087535462963
inner	pn	0.8140985071659088	0.0024584829807281494	0.48527084527239167	0.0775837078851731	0.4504169974241131	0.44924184211282603	0.00803308513549243	0.12192348645308118	0.08028191825988214	0.24017850757565828
inner	pn	0.8190140128135681	0.0024570226669311523	0.472393967951932	0.07692253571202029	0.4401371739443613	0.4193412724761503	0.0076988290795254296	0.1189081572550558	0.07989669117677257	0.23363349643300818
inner	pn	0.823927491903305	0.002456456422805786	0.46060596477925675	0.07623672079877267	0.42914142417811496	0.4127215896941928	0.007418691901622464	0.11557496241150048	0.07951108459889042	0.22663668526610098
inner	pn	0.828838974237442	0.0024550259113311768	0.4132439557051895	0.0732868456086441	0.41735202342339206	-0.05605463960258107	0.007189622804751984	0.11190658211089986	0.079120194959645	0.21913562354809576
inner	pn	0.8337480127811432	0.002454012632369995	0.4281761507066081	0.07406699942973288	0.40496919925477576	0.3133237694318734	0.007009443623475537	0.10794808079338528	0.07872802167320905	0.21128365316470588
inner	pn	0.8386555314064026	0.0024535059928894043	0.2619542592514744	0.05989656433480257	0.39223260312239744	-2.1750553694984722	0.006879249774007507	0.10376607071367847	0.07833324915260158	0.2032540334821104
inner	pn	0.8435610234737396	0.002451986074447632	0.3784248672223865	0.06944471578643839	0.37937520019327736	-0.013684741310100558	0.00679574036246433	0.09945388698608769	0.07793767080840372	0.19518790203632252
inner	pn	0.8484639823436737	0.00245097279548645	0.3659664264389801	0.06947495944001104	0.36659329848176314	-0.009022992569349181	0.006756863061230275	0.09509953156292567	0.07753914526089734	0.18719775859670967
inner	pn	0.8533649742603302	0.002450019121170044	0.26673754162782554	0.060916873677166895	0.3541979709623185	-1.4357340430501313	0.0067597494097576954	0.09083872592823256	0.07713948610339767	0.17946000952093
inner	pn	0.8582645058631897	0.002449512481689453	0.24612018065481492	0.05905880157075115	0.3423625892618456	-1.629603142077551	0.006800128642711268	0.08676338910553434	0.07673985235148048	0.17205921916211941
inner	pn	0.8631620109081268	0.0024479925632476807	0.3914120573439464	0.071945605957766	0.33123593709793686	0.8364113338809676	0.0068724913095440645	0.08295721270485633	0.07634124630509351	0.16506498677844306
inner	pn	0.8680574893951416	0.00244748592376709	0.35721739232982447	0.06876708222151098	0.320896891483211	0.5281669611867302	0.006969462016764765	0.07947936928806495	0.07594256553345426	0.15850549464492658
inner	pn	0.8729515075683594	0.0024465322494506836	0.3747887016697059	0.06958537829712139	0.3113712717216363	0.911361431093823	0.0070833363622598445	0.07636139653550271	0.07554274905767078	0.15238378976620262
inner	pn	0.8778435289859772	0.0024454891681671143	0.2993040383398966	0.06460341381723265	0.3026273707823555	-0.05144205617153364	0.007204493063657828	0.07361161029098293	0.07514664899197591	0.146664618435739
inner	pn	0.8827334940433502	0.0024444758892059326	0.2511024782969745	0.06012178875059611	0.29454088648622856	-0.7225069162437944	0.00732213379616008	0.0712012519899909	0.07475156519716042	0.14126593550291786
inner	pn	0.8876219689846039	0.0024439990520477295	0.2097156762337334	0.05626595446710831	0.28695544298032244	-1.3727620455055374	0.007425782410703062	0.06908057524389534	0.07435780424774607	0.13609128107797758
inner	pn	0.8925089836120605	0.0024430155754089355	0.2941688021861718	0.06378925939764817	0.279663811399634	0.2273892332895248	0.007504927249013848	0.06717837216959091	0.0739663364043841	0.1310141755766456
inner	pn	0.8973940014839172	0.002442002296447754	0.32242483294436586	0.06467918896273224	0.27244743010702077	0.772696807718813	0.007548829855121973	0.06541172030814012	0.0735762447778193	0.1259106351659385
inner	pn	0.9022774994373322	0.002441495656967163	0.3491084837223145	0.06813055563049436	0.26513445069099767	1.2325458416448192	0.007549134745041622	0.06371224885824996	0.0731914836773609	0.12068158341034493
inner	pn	0.9071594774723053	0.0024404823780059814	0.2769859073260424	0.061102823196507755	0.2575004440370659	0.318896284486085	0.007498878814877623	0.0619857958248513	0.07280916720221656	0.11520660219512023
inner	pn	0.9120399653911591	0.0024400055408477783	0.20378962180333424	0.05534268417391609	0.24940004544143968	-0.8241454912951688	0.007393545087070337	0.06016814327046679	0.07242964202897888	0.10940871505492346
inner	pn	0.9193574786186218	0.00487750768661499	0.17934949524407212	0.03690438323596077	0.23610277333403207	-1.5378465405339115	0.007121698201567959	0.05713617254705919	0.07186718555932739	0.0999777170260784
inner	pn	0.9291099905967712	0.004875004291534424	0.19877912711831483	0.03842619560771589	0.21644944779503617	-0.45985090111739235	0.006580269593336406	0.052490444098182716	0.07112780010691276	0.08625093399660481
inner	pn	0.9364210069179535	0.002436012029647827	0.2406403913036311	0.05840082168444699	0.20051702964723045	0.6870341974501037	0.006058937127743644	0.04858209914641992	0.0705793076009879	0.07529668577207872
inner	pn	0.9437279999256134	0.004870980978012085	0.18963390175390732	0.03732191816932142	0.18416101569497328	0.14663999942620157	0.0054629115445317105	0.044445778515142656	0.07004000889178255	0.06421231674351648
inner	pn	0.9510335028171539	0.0024345219135284424	0.2170494442776955	0.05545812614469064	0.16799907524401822	0.8844577421477339	0.0048358706847820765	0.040285464924900746	0.06950481389417969	0.05337292574015541
inner	pn	0.9583350121974945	0.004866987466812134	0.1575065962037513	0.03500783315504125	0.15280300975784034	0.13435811422774743	0.004207945422582026	0.03632177635790632	0.06897701381202988	0.04329627416532178
inner	pn	0.9680669903755188	0.004864990711212158	0.12913316648954987	0.032917999615173554	0.13471236597146183	-0.16948780445760225	0.0034191293999593217	0.03158850698314469	0.06827987163789401	0.03142485795046403
inner	pn	0.9777950048446655	0.00486302375793457	0.0692193809181772	0.027280882222668244	0.11989589694238344	-1.8575834758781402	0.0027314915868786663	0.027735174521300043	0.06759133969527742	0.021837891138927364
inner	pn	0.9875185191631317	0.004860490560531616	0.11519166873409896	0.03208281047782199	0.10860952352544051	0.2051611162060916	0.0021732148622394835	0.02483187797538097	0.06691471124158067	0.014689719446239308
inner	pn	0.997239500284195	0.004860490560531616	0.09894445967427073	0.030726224446292087	0.10050757040257582	-0.050872203027655716	0.0017446642281537376	0.022740045280615077	0.06624779021949469	0.009775070674312386
inner	pn	1.0069549679756165	0.004854977130889893	0.09170574281343968	0.029331908504196837	0.09496428527199637	-0.1110920708787308	0.0014310708116238985	0.021220492412881483	0.06559240268698022	0.006720319360510778
inner	pn	1.016664981842041	0.004855036735534668	0.08290068706739535	0.028331123558346584	0.09127101923831493	-0.2954465308684734	0.0012100856782465692	0.020014530525787482	0.0649481067053928	0.005098296328888212
inner	pn	1.0263749957084656	0.004854977130889893	0.12343580782262065	0.03255656798605655	0.08876748193337904	1.0648642665310881	0.0010561863139854839	0.018907868566189416	0.06431720600781317	0.004486221045390863
inner	pn	1.0360849499702454	0.004854977130889893	0.13064975200480952	0.03253970944066819	0.08695798564891875	1.3427214657695965	0.0009467925428036007	0.017774878098983486	0.06369663264280984	0.00453968236432178
inner	pn	1.0457899570465088	0.004850029945373535	0.07828247391682093	0.02836470378934433	0.08553204294097888	-0.25558416114612736	0.0008646014654140619	0.01658097368845552	0.06308558522103468	0.005000882566074547
inner	pn	1.0579149723052979	0.007274985313415527	0.0701299090449584	0.02261575145898191	0.0840316488048367	-0.6146928075811153	0.0007824366992526957	0.015056980658638561	0.062313393564057365	0.005878837882888098
inner	pn	1.070039987564087	0.004850029945373535	0.13554336520553636	0.03257075072243794	0.08278131120673021	1.6199213352014774	0.0007097514706991205	0.013604230659705258	0.06157712114923177	0.006890207927094105
inner	pn	1.082165002822876	0.007274985313415527	0.02890460590463551	0.017893158809038	0.08174318393014833	-2.953004474471191	0.0006406401150270749	0.012320250745297918	0.06085246700396822	0.007929826065854961
inner	pn	1.096709966659546	0.0072699785232543945	0.10213050179946409	0.024496873179707508	0.08069513416889043	0.8750246398111776	0.0005595527472874457	0.011015966362279589	0.05999925373946602	0.009120361319857669
inner	mos1	0.35249999165534973	0.002499997615814209	1.078134347137702	0.0895220691916692	0.9123961852348664	1.8513665222369435	0.1559247880330974	0.02175729720447659	0.017362339373950268	0.7173517606233428
inner	mos1	0.35750000178813934	0.002500012516975403	0.9457721209409986	0.08410840891098033	0.9309677824249167	0.17601496339980305	0.15790432050913655	0.021935895109881594	0.017557677345295196	0.733569889460603
inner	mos1	0.36250001192092896	0.002499997615814209	1.108032908163105	0.09062043335536936	0.9428374506360423	1.8229382867685742	0.15849751284570565	0.022117199610011216	0.01774828112981983	0.744474457050507
inner	mos1	0.3675000071525574	0.002499997615814209	0.9112166736550232	0.08262548293112319	0.9473661630087742	-0.4375101732704577	0.15776953023592913	0.02230725717033691	0.017933505495610028	0.7493558701069004
inner	mos1	0.3725000023841858	0.002499997615814209	0.8434216915438069	0.07957570969279909	0.9347918688091146	-1.148216932252832	0.15446202994555722	0.02245964302413428	0.01811390461121767	0.7397562912282052
inner	mos1	0.3774999976158142	0.002499997615814209	0.828488639918653	0.0789512447800695	0.8869059817788987	-0.7399166665829774	0.1460580449163282	0.022476823064901317	0.018290383517989315	0.7000807302796783
inner	mos1	0.3824999928474426	0.002499997615814209	0.9283281524326777	0.0832218993431683	0.8183421681228649	1.3215990644034927	0.1347989899354468	0.02240397555145166	0.018462968374403525	0.6426762342615594
inner	mos1	0.38749998807907104	0.002499997615814209	0.7398063081669226	0.07476781377631062	0.7465837878349257	-0.09064702210338668	0.12334523047967924	0.022272820800778567	0.018631772967921945	0.5823339635865461
inner	mos1	0.39249999821186066	0.002500012516975403	0.7054743806207502	0.07309444583542993	0.685960418775481	0.2669691468651988	0.11382469445900734	0.022099030038657153	0.01879717826005325	0.5312395160177642
inner	mos1	0.39750000834465027	0.002499997615814209	0.7707369781460769	0.07607932246075717	0.6441065406732118	1.6644527498017991	0.10729165592454301	0.021939674433186163	0.018959588040967885	0.49591562227451574
inner	mos1	0.4025000035762787	0.002499997615814209	0.8062381341532926	0.07768773258871434	0.621913825744736	2.372630816558718	0.10380527514082075	0.02181799204425231	0.019119982236434914	0.4771705763232269
inner	mos1	0.4074999988079071	0.002499997615814209	0.6090138767710799	0.06819296796834486	0.615604923229193	-0.0966528757213311	0.10272567884312744	0.02172745013403277	0.019281002895458917	0.47187079135657545
inner	mos1	0.4124999940395355	0.002499997615814209	0.7429796442689014	0.07476765594373921	0.6197629467233231	1.6479946574531608	0.10307468635762466	0.021656857665481442	0.019449123084977243	0.4755822796152373
inner	mos1	0.41749998927116394	0.002499997615814209	0.7283490925342465	0.07410315104158434	0.6297443905727123	1.330641147853489	0.10392257595219814	0.021617097107771863	0.019632687137336957	0.4845720303754048
inner	mos1	0.42249999940395355	0.002500012516975403	0.722604414311557	0.07376831110737042	0.6407763775611879	1.1092572884211442	0.10426342194949118	0.021644645499619378	0.019833890538148005	0.49503441957392996
inner	mos1	0.42750000953674316	0.002499997615814209	0.7603077999917477	0.07542642397688921	0.6484185511410084	1.4834224261383824	0.10314693247959984	0.021726850822761552	0.0200488409283347	0.503495926910314
inner	mos1	0.4325000047683716	0.002499997615814209	0.7529567813327198	0.0750975349206041	0.653008986235832	1.3309064698669044	0.10072377523537523	0.021845984698891194	0.02027057029134618	0.510168656010218
inner	mos1	0.4375	0.002499997615814209	0.6968085531016994	0.07241482975439609	0.6548353595193311	0.5796215184752295	0.09683064347860154	0.021972448218407013	0.020490948941953812	0.5155413188803695
inner	mos1	0.4424999952316284	0.002499997615814209	0.6685626153458248	0.07103549523433672	0.6529130625908703	0.22030609772380258	0.09117699369191617	0.022086659012467993	0.020702331607219175	0.5189470782792661
inner	mos1	0.44749999046325684	0.002499997615814209	0.6440344309921132	0.06962889374082418	0.6475761744239681	-0.05086600176412553	0.08439420498905144	0.02217373217739907	0.020898461281420845	0.5201097759760996
inner	mos1	0.45250000059604645	0.002500012516975403	0.6211271436054708	0.0685539870541024	0.6429235122339064	-0.3179445801049329	0.07761388564916724	0.02224504351131453	0.021074476686098492	0.5219901063873247
inner	mos1	0.45750001072883606	0.002499997615814209	0.7342659423664374	0.07410304625577933	0.6427135010504442	1.2354747333865905	0.07175211314452522	0.022333006736574054	0.021227371251096958	0.5274010099182472
inner	mos1	0.4625000059604645	0.002499997615814209	0.6419885582003131	0.069628693647199	0.6482344442249619	-0.08970276042081216	0.06719903647565542	0.022449094063699312	0.021353909183294	0.5372324045023137
inner	mos1	0.4675000011920929	0.002499997615814209	0.7217324687666444	0.07343253549186285	0.6590680664115883	0.8533601888498052	0.06394832557036086	0.02260308653934613	0.02145108732997276	0.5510655669719089
inner	mos1	0.4724999964237213	0.002499997615814209	0.5869739943981063	0.06672628835826774	0.6755606049210097	-1.3276118408874011	0.06195388679337103	0.022806814500208095	0.02151467240852851	0.5692852312189026
inner	mos1	0.47749999165534973	0.002499997615814209	0.6376612707216439	0.06927279981656903	0.6969503408631481	-0.8558780690039776	0.06098913330428524	0.023058295482679722	0.02153983076392373	0.5913630813122558
inner	mos1	0.48250000178813934	0.002500012516975403	0.7935192632767412	0.07672620606404834	0.7214322043864736	0.9395363408180488	0.060711303076124636	0.023351946812044277	0.021521076798415195	0.6158478776998891
inner	mos1	0.48750001192092896	0.002499997615814209	0.6040518516428688	0.06746348440586067	0.7474342921714013	-2.1253340498386217	0.060897285635915135	0.023662193165804205	0.02145265947076158	0.6414221538989195
inner	mos1	0.4925000071525574	0.002499997615814209	0.921316330603092	0.08232495190342771	0.7742061947824441	1.7869446919716059	0.06146035653523773	0.02397972547628644	0.021328142472762913	0.6674379702981567
inner	mos1	0.4975000023841858	0.002499997615814209	0.7227793644873305	0.07343214741642028	0.8017760180397464	-1.0757775215865655	0.06241181578371244	0.024306448679367085	0.021142314265255042	0.6939154393114116
inner	mos1	0.5024999976158142	0.002499997615814209	0.8578174928728456	0.07957522326687405	0.8304366846088048	0.34408710575919904	0.06377725508056103	0.024653018733425344	0.020891331415518872	0.7211150793792993
inner	mos1	0.5074999928474426	0.002499997615814209	0.8158422650437206	0.07768763564309326	0.8543497913275825	-0.49567123474796293	0.06544757059803447	0.024952008408011612	0.02057466527911021	0.7433755470424261
inner	mos1	0.512499988079071	0.002499997615814209	0.8866530433181562	0.08080894673200675	0.867787728816813	0.23345576528682868	0.0674426775888951	0.02514006449093393	0.020194349295279062	0.7550106374417048
inner	mos1	0.5174999833106995	0.002499997615814209	0.851846010145811	0.07926373971011454	0.8772182666510262	-0.32009916007000594	0.0700485450808328	0.02530277996689377	0.019754681150992007	0.7621122604523083
inner	mos1	0.5224999785423279	0.002499997615814209	1.0006264613503935	0.08556613789312272	0.8903488630627061	1.2887995298494217	0.07352603137579526	0.025543579090953186	0.019264141592835286	0.7720151110031239
inner	mos1	0.5274999737739563	0.002499997615814209	0.9869388485628534	0.08498587981556471	0.9136967700457517	0.8618146764621462	0.0780035763175403	0.025965160821742737	0.018734679829583115	0.790993353076885
inner	mos1	0.5324999988079071	0.0025000274181365967	1.1349369522766803	0.09089128759355426	0.9507420753093939	2.026540517183178	0.08342901813333302	0.026629453725547897	0.018180181346754448	0.8225034221037624
inner	mos1	0.5375000238418579	0.002499997615814209	1.0700849832488004	0.08840932118627966	1.001240877154037	0.7786973723020432	0.08960815724027774	0.027544062253686167	0.017619660734281437	0.8664689969257948
inner	mos1	0.5425000190734863	0.002499997615814209	1.1631444327770262	0.09197472916198345	1.0613244939438458	1.1070425513714517	0.096163098810239	0.028666655723979487	0.017087174241441332	0.9194075651681841
inner	mos1	0.5475000143051147	0.002499997615814209	1.2906346762710192	0.09669403672717908	1.1247426722126754	1.7156384165282692	0.10261420647476968	0.029919541982903315	0.016630327771876636	0.9755785959831242
inner	mos1	0.5525000095367432	0.002499997615814209	1.2210626393577702	0.09410135672116585	1.184017288470216	0.39367499235238607	0.10838658881377264	0.03120445616141603	0.016282735668412013	1.0281435078266212
inner	mos1	0.5575000047683716	0.002499997615814209	1.1291712102666318	0.09061980089070956	1.232430737680912	-1.1394808463419004	0.11297938532774963	0.03241768484650627	0.01605852198723299	1.070975145519422
inner	mos1	0.5625	0.002499997615814209	1.1078775179901892	0.08979730249057088	1.2640854638292014	-1.7395616739758384	0.115871930976487	0.03346351453517322	0.0159538160407001	1.0987962022768416
inner	mos1	0.5674999952316284	0.002499997615814209	1.143530931750199	0.09116433327610225	1.2654379195280698	-1.3372223916634238	0.11602344131471486	0.034173736811379564	0.015953133194211336	1.0992876082077587
inner	mos1	0.5724999904632568	0.002499997615814209	0.9054161627110607	0.08141870182109685	1.2222264902272824	-3.8911247714604453	0.11240142232800948	0.03438884237404775	0.016033749340370062	1.0594024761848546
inner	mos1	0.5774999856948853	0.002499997615814209	1.1446700728835724	0.09116416155870885	1.1347361394996105	0.10896752862213853	0.10447239051258324	0.03399415207850051	0.01617022219561806	0.9800993747129105
inner	mos1	0.5824999809265137	0.002499997615814209	0.9400984122051705	0.08292364232018072	1.0130090945604846	-0.8792508422844584	0.09236165225393951	0.03299266362374661	0.01633980945322387	0.8713149692295731
inner	mos1	0.5874999761581421	0.002499997615814209	0.8498850111827284	0.07895095443861232	0.8771110433742253	-0.34484741045994916	0.07783805932621347	0.03173587589464756	0.016524522152602812	0.7510125860007628
inner	mos1	0.5925000011920929	0.0025000274181365967	0.7372938701036226	0.07376730095696385	0.7463938393606944	-0.12336047461436543	0.06278478217555414	0.030612859431434766	0.016711234919216313	0.6362849628344884
inner	mos1	0.5975000262260437	0.002499997615814209	0.7595255803562783	0.07476739370113268	0.6354738383655238	1.6591690020201293	0.04880406986600417	0.029967130957576645	0.016894013869848887	0.5398086236720949
inner	mos1	0.6025000214576721	0.002499997615814209	0.5255773627153194	0.06291003564321408	0.5527349083567333	-0.43168860681361465	0.03696539181836053	0.030039751079949755	0.0170700520566658	0.4686597134017564
inner	mos1	0.6075000166893005	0.002499997615814209	0.5847890642877728	0.06598082748732473	0.501091056901827	1.2685201227890728	0.027758874312794914	0.030958751625674543	0.017239346448128186	0.4251340845152298
inner	mos1	0.612500011920929	0.002499997615814209	0.6055651861838117	0.06709550235049744	0.4786885178461674	1.8909861897278675	0.02117161717369094	0.032728254246772365	0.017404076748601397	0.40738456967710096
inner	mos1	0.6175000071525574	0.002499997615814209	0.5502266181251305	0.06407858363308261	0.4806298115480702	1.0861164937036583	0.016861007375686844	0.03524629117203888	0.01756668618679345	0.4109558268135513
inner	mos1	0.6225000023841858	0.002499997615814209	0.5711708778695491	0.06522614573889088	0.500546540886638	1.0827611563257158	0.014329193189355573	0.03833034258147785	0.017728597258807082	0.43015840785699916
inner	mos1	0.6274999976158142	0.002499997615814209	0.6202283801508494	0.06782873644738471	0.5317238732341525	1.3048231701227475	0.013062840528644537	0.04174026206316498	0.01789136003018677	0.459029410612155
inner	mos1	0.6324999928474426	0.002499997615814209	0.5849676625412484	0.06598038716740089	0.5676010214318251	0.2632091422161843	0.01263580879984128	0.0452035480798853	0.018056035925979343	0.49170562862611994
inner	mos1	0.637499988079071	0.002499997615814209	0.6006840807908241	0.0667259203128323	0.602254767947864	-0.023539385439361737	0.012700697071027571	0.048440784862336425	0.01822213529002189	0.5228911507244766
inner	mos1	0.6424999833106995	0.002499997615814209	0.6782983045275995	0.0706856319009554	0.6311356897921847	0.6672164266919055	0.013007450970793361	0.05119969701873008	0.01838958083992614	0.5485389609627352
inner	mos1	0.6474999785423279	0.002499997615814209	0.7046537428957454	0.0720717275660914	0.6506054119007101	0.7499241772090426	0.013386527849081628	0.05327386683575851	0.01855796944584897	0.5653870477700239
inner	mos1	0.6524999737739563	0.002499997615814209	0.5930817608768214	0.06635447927062578	0.6581317950186055	-0.9803412649276999	0.013723557461290082	0.05453447381278416	0.01872570171398619	0.5711480620305452
inner	mos1	0.6574999988079071	0.0025000274181365967	0.5859364332034734	0.06597960146432105	0.646620386865178	-0.9197381056404201	0.013948512724313482	0.05445008349134512	0.018891727891804926	0.5593300627577155
inner	mos1	0.6625000238418579	0.002499997615814209	0.5092363117217981	0.06171930948239075	0.6108635699220252	-1.6466039405256563	0.014012079959427092	0.0526176663014412	0.019055916122960707	0.5251779075381974
inner	mos1	0.6675000190734863	0.002499997615814209	0.424590566117112	0.056706643879215896	0.5562924905064185	-2.3225131198000213	0.013903567350407294	0.049495205067503	0.019215868687105706	0.4736778494014025
inner	mos1	0.6725000143051147	0.002499997615814209	0.40534209935507814	0.05538277810406023	0.4897037181298522	-1.5232464253827187	0.013561813653599692	0.04568515490302214	0.01937104903566041	0.4110857005375699
inner	mos1	0.6775000095367432	0.002499997615814209	0.40964137950993884	0.05582724409517504	0.4183540492119767	-0.15606483614316338	0.012945017128509373	0.041825282041094605	0.019520806304035996	0.34406294373833557
inner	mos1	0.6825000047683716	0.002499997615814209	0.4040127458666423	0.05538299361862591	0.3496263945775982	0.9820045421082726	0.012128440654814844	0.038509921718781606	0.01966375495610743	0.2793242772478939
inner	mos1	0.6875	0.002499997615814209	0.22211265663485596	0.042202956360038506	0.28895233369791384	-1.583767651082084	0.011202879625107838	0.03615583581434253	0.019799903431737553	0.221793714826726
inner	mos1	0.6924999952316284	0.002499997615814209	0.3073579487923623	0.0487306931671234	0.23940845259468313	1.3943880495326484	0.010262807737166065	0.0349600151024864	0.019929509061376142	0.17425612069365448
inner	mos1	0.6974999904632568	0.002499997615814209	0.27234249230000684	0.04612286626273442	0.2017573153164552	1.5303727348918443	0.009376889590128784	0.034908799159028704	0.020052052895259128	0.13741957367203747
inner	mos1	0.7024999856948853	0.002499997615814209	0.16533631109403701	0.03721953232138278	0.1747958538383396	-0.25415533603757917	0.008568970092687148	0.03581270418433534	0.020168462174917332	0.1102457173863994
inner	mos1	0.7099999785423279	0.004999995231628418	0.1420605766317559	0.024618913314608512	0.15035256363961813	-0.3368136888049357	0.007511564368662661	0.03833043955905986	0.020333644009796245	0.08417691570209913
inner	mos1	0.7199999988079071	0.005000025033950806	0.1107137449679237	0.022243771867602014	0.13444690510710486	-1.0669575412139716	0.00634348227919409	0.04206075507679387	0.020543217134353503	0.06549945061676345
inner	mos1	0.7300000190734863	0.004999995231628418	0.11095656543182503	0.022243838720711753	0.12827195468675018	-0.7784352994252917	0.005380753763920083	0.044413378575725714	0.020747182521305488	0.05773063982579841
inner	mos1	0.737500011920929	0.002499997615814209	0.2017848799760363	0.04040615096494549	0.12586915652888042	1.8788160127654043	0.0047486240150713555	0.0441582148622223	0.020898382762423836	0.05606393488916258
inner	mos1	0.7425000071525574	0.002499997615814209	0.16696265423072332	0.037220367688496826	0.12478538830080921	1.133177035834314	0.004370897814343474	0.042747856154408806	0.020998008260363993	0.05666862607169295
inner	mos1	0.75	0.004999995231628418	0.13944824221700863	0.02436670183367931	0.1239413682246343	0.6363960989969089	0.0038748987116699295	0.039395955318272356	0.021146107110811833	0.05952440708387958
inner	mos1	0.7599999904632568	0.004999995231628418	0.1577912534296698	0.025603907832702843	0.12444963282157798	1.3022082732818583	0.0033378835177403227	0.03466521252866226	0.021340815635063078	0.06510572114011248
inner	mos1	0.7674999833106995	0.002499997615814209	0.15499599943026174	0.035866026662244956	0.1261638892616673	0.8038835871090538	0.003024818029084714	0.03205303426948003	0.02148491918880173	0.0696011177743006
inner	mos1	0.7749999761581421	0.004999995231628418	0.13338725075268196	0.023853369385319716	0.12843482054823507	0.20761973390202895	0.0027816629553494656	0.03100175118689187	0.021626200042181278	0.07302520636381268
inner	mos1	0.7824999988079071	0.0025000274181365967	0.16263082383818311	0.036548805712362485	0.12950364679759055	0.9063819294480375	0.002578220084204657	0.031025336420865114	0.021765001740837606	0.07413508855168323
inner	mos1	0.7875000238418579	0.002499997615814209	0.14786162585562163	0.03516933281717941	0.12919736967842624	0.5306969078491681	0.0024612885520184525	0.031574333813152604	0.021855448014635605	0.07330629929861943
inner	mos1	0.7925000190734863	0.002499997615814209	0.15504223281097812	0.035865955134591294	0.12845889144673994	0.7411859314628874	0.002355797462295551	0.03238461040609534	0.021943484648874446	0.07177499892947457
inner	mos1	0.7975000143051147	0.002499997615814209	0.1494461860628781	0.03516960228219391	0.12760012744011756	0.6211630841734319	0.002260135558471203	0.03333118258485253	0.02202942346604879	0.0699793858307447
inner	mos1	0.8050000071525574	0.004999995231628418	0.09929388618016399	0.021102218603149734	0.12657656247219048	-1.292881891004307	0.0021334317892604303	0.0346930443143489	0.022152149645526416	0.0675979367230544
inner	mos1	0.8149999976158142	0.004999995231628418	0.12471205933967576	0.023062388662325843	0.12557985800763186	-0.03762830818013708	0.0019921620956096136	0.03571118985158818	0.022305955326898823	0.06557055073353478
inner	mos1	0.8224999904632568	0.002499997615814209	0.20504116148963436	0.040405748411842225	0.12413982721666975	2.00222338288019	0.001906115206854352	0.03541602184958884	0.02241344097443978	0.06440424918578681
inner	mos1	0.8299999833106995	0.004999995231628418	0.10364699600222486	0.02139323772909658	0.1202390794034698	-0.7755760774199373	0.0018407167046531482	0.03380777648690408	0.02251313563904036	0.06207745057287196
inner	mos1	0.8400000035762787	0.005000025033950806	0.12906257543784302	0.023328861191110876	0.11157337970213166	0.7496806463221346	0.0017879404908257169	0.029982028260473362	0.022634583809938474	0.0571688271408942
inner	mos1	0.8500000238418579	0.004999995231628418	0.10645238928336015	0.021680363241004617	0.10039960037792722	0.2791830025239215	0.0017793699903019306	0.02526790291608969	0.02274238258705578	0.05060994488447992
inner	mos1	0.8600000143051147	0.004999995231628418	0.1351298447411637	0.023853579825501493	0.09023544679040103	1.8820821981096008	0.0018487100047814287	0.021270925475262534	0.022836851810135537	0.04427895950022162
inner	mos1	0.8700000047683716	0.004999995231628418	0.09373833702957553	0.020507941897296128	0.08371564891822476	0.48872227947321256	0.002004072568060379	0.019016205225856665	0.022920171668684024	0.03977519945562372
inner	mos1	0.8799999952316284	0.004999995231628418	0.08674694635992772	0.019895683986760188	0.08192664123407602	0.24227893492173622	0.002238178726856105	0.018644805226046526	0.022995702752208944	0.03804795452896432
inner	mos1	0.8899999856948853	0.004999995231628418	0.07259124050563721	0.01861106482333072	0.08376064262566983	-0.6001484722158789	0.0024992703995516006	0.01956515788598389	0.023066675365906328	0.038629538974228106
inner	mos1	0.8999999761581421	0.004999995231628418	0.10472745121107885	0.021393507452379477	0.08653118883166326	0.8505506831883111	0.0027135720715571825	0.02081915294021436	0.02313447618862412	0.03986398763126759
inner	mos1	0.9099999964237213	0.005000025033950806	0.10158384026884233	0.02110214661887758	0.08714251408811352	0.6843534187090651	0.0027972610197373213	0.021436907609671464	0.02319945636608863	0.03970888909261588
inner	mos1	0.9200000166893005	0.004999995231628418	0.1302088722592116	0.023328919499621938	0.08280401839562487	2.032020979983876	0.002677719090116529	0.020676778111556902	0.023261965195367346	0.03618755599858397
inner	mos1	0.9325000047683716	0.007499992847442627	0.05788735414301303	0.013872133237065608	0.07028466062299105	-0.8936842133878206	0.002234883651494025	0.017549017790140627	0.023335032631838816	0.027165726549517443
inner	mos1	0.9474999904632568	0.007499992847442627	0.03940058083305945	0.012184507057151005	0.05233925735595234	-1.0618957715896487	0.0015219863746569946	0.012410525088619175	0.02341325882586076	0.014993487066815457
inner	mos1	0.9625000059604645	0.007500022649765015	0.050927910891157134	0.013264405357451497	0.03932196757563387	0.8749689867554773	0.0009311106877833001	0.008464281367458328	0.023475295754570226	0.006451279765821917
inner	mos1	0.9800000190734863	0.009999990463256836	0.031220253248083012	0.009792407138419024	0.03314035595696216	-0.19608076765373803	0.000564258136831114	0.0069188371408293505	0.023522099644608337	0.002135161034693291
inner	mos1	0.9950000047683716	0.004999995231628418	0.06376524855240967	0.017586484497424674	0.032129878811167474	1.7988455706354962	0.00042709884199516076	0.0071730286746987375	0.023542503488839923	0.000987247805633569
inner	mos1	1.0074999928474426	0.007499992847442627	0.04926346058119313	0.013055816920271265	0.03243304658281616	1.2891122862059314	0.00037920163414547617	0.007611970614415104	0.023544627188030062	0.0008972471462254644
inner	mos1	1.0224999785423279	0.007499992847442627	0.04638993408812055	0.012843961805286744	0.03261669621409427	1.0723512015083256	0.00034828505085054214	0.007584062683504069	0.023533375686517116	0.0011509727932227593
inner	mos1	1.0374999642372131	0.007499992847442627	0.05392736416416118	0.013470622491841016	0.032226856536022724	1.6109506180046378	0.00032582364779870366	0.006745801283611741	0.02350873781508582	0.0016464937895264225
inner	mos1	1.0550000071525574	0.010000050067901611	0.03028531362852653	0.009633198988227605	0.03155296296776291	-0.13159173196624793	0.000296647535365615	0.0054290041303896855	0.023468217430625986	0.0023590938713816214
inner	mos1	1.0850000381469727	0.019999980926513672	0.023591465390181685	0.006341642488048298	0.031231446283050295	-1.20473219789151	0.0002364884702459614	0.004315734420102102	0.023390887728955204	0.003288335663747007
inner	mos2	0.35249999165534973	0.002499997615814209	0.800745402093907	0.07152574818798905	0.7073160613318331	1.3062336728937982	0.11984588837921613	0.016571720186581297	0.013912439988872852	0.5569860127771613
inner	mos2	0.35750000178813934	0.002500012516975403	0.8175442122334461	0.07229278189439209	0.741056339933849	1.058029173802349	0.12338805196739047	0.016958943363202167	0.014091966573640868	0.5866173780296124
inner	mos2	0.36250001192092896	0.002499997615814209	0.8008042373990579	0.07152584735429189	0.7643349813715917	0.50987520422962	0.12537856550957746	0.01731519782864821	0.014262736199876828	0.6073784818334871
inner	mos2	0.3675000071525574	0.002499997615814209	0.7770340740765938	0.07048928696377643	0.7741347538471202	0.04113135987548738	0.1253945226761514	0.017623808480235016	0.014424571002436713	0.6166918516882978
inner	mos2	0.3725000023841858	0.002499997615814209	0.8505424050463746	0.07355495924683306	0.7771141927046529	0.9982768407948399	0.12450347735436842	0.017906619634672962	0.01457914885793048	0.620124946857679
inner	mos2	0.3774999976158142	0.002499997615814209	0.8527116745207144	0.07355496472035893	0.7635402200798947	1.2123104780191445	0.12141458796743275	0.01810522256851753	0.014729347891782143	0.6092910616521612
inner	mos2	0.3824999928474426	0.002499997615814209	0.7317085196027955	0.06836856615091774	0.7373882274151564	-0.08307484173097132	0.11679219482863619	0.018226978952225664	0.014880523016330978	0.5874885306179646
inner	mos2	0.38749998807907104	0.002499997615814209	0.7032713879494	0.06700921929304872	0.704142650566114	-0.013002130541228054	0.11155844851639682	0.018294478519310254	0.015033188683686333	0.5592565348467233
inner	mos2	0.39249999821186066	0.002500012516975403	0.6418026469593949	0.06420384550520727	0.6694789265441617	-0.4310688770584952	0.10660432366904736	0.018305297109360665	0.015188966837740018	0.5293803389280136
inner	mos2	0.39750000834465027	0.002499997615814209	0.6828184232921725	0.06618027011445432	0.637962878918545	0.6777782003012808	0.10254385452943825	0.018281273319163727	0.015349757966512757	0.501787993103429
inner	mos2	0.4025000035762787	0.002499997615814209	0.7069841650179056	0.06728355907385336	0.610773619783731	1.4299265163510408	0.09959918683009121	0.018232271903463874	0.015518759820666887	0.4774234012295096
inner	mos2	0.4074999988079071	0.002499997615814209	0.7023339687553781	0.06700954773427618	0.5910830616466434	1.6602247123036258	0.09785962989331488	0.018187101035782582	0.015699239588415254	0.45933709112912896
inner	mos2	0.4124999940395355	0.002499997615814209	0.5586089626449015	0.06005832711766053	0.5788957717278407	-0.33778511751077	0.09696906687268465	0.018160594376849658	0.01589290993376141	0.44787320054454527
inner	mos2	0.41749998927116394	0.002499997615814209	0.6177624540090205	0.06304757123708574	0.5733001903760414	0.7052177072100376	0.09656282870422464	0.018198789719657705	0.016103741381957117	0.442434830570203
inner	mos2	0.42249999940395355	0.002500012516975403	0.6000436304367828	0.06216580534642192	0.5722441608943101	0.44718264948968045	0.09622512577207801	0.01829947092848612	0.016333984699690073	0.4413855794940572
inner	mos2	0.42750000953674316	0.002499997615814209	0.771740600432998	0.06996501734508412	0.5719660261754564	2.8553494566035162	0.09511520071881936	0.018449474813051276	0.01658233897734253	0.4418190116662425
inner	mos2	0.4325000047683716	0.002499997615814209	0.626325971870276	0.06333881325932612	0.5710377748800016	0.8728960039701043	0.09300967974544594	0.01864171875747076	0.01684720499753808	0.4425391713795487
inner	mos2	0.4375	0.002499997615814209	0.6101812013880896	0.062461134326240675	0.568904363993901	0.6608403423894872	0.08993003282073639	0.018859773861102692	0.017124625274289852	0.4429899320377678
inner	mos2	0.4424999952316284	0.002499997615814209	0.7061192492944725	0.06700892548556683	0.5658447450778694	2.093370445804522	0.08579990155930604	0.019096144994890478	0.01740984437980296	0.4435388541438681
inner	mos2	0.44749999046325684	0.002499997615814209	0.7002580217540938	0.06673402358852526	0.5617700682163126	2.0752225939751945	0.08081508416371638	0.01934501813784668	0.017698644359597965	0.4439113215551521
inner	mos2	0.45250000059604645	0.002500012516975403	0.6881131990836167	0.06617989634654207	0.5584387685329263	1.959423294827598	0.07545828247261449	0.01960197629295437	0.017986454117147378	0.44539205565020923
inner	mos2	0.45750001072883606	0.002499997615814209	0.4772539562986892	0.055603394185152824	0.5576773441118293	-1.4463755134325005	0.07018678687990988	0.01987587494070944	0.018268947375533497	0.449345734915676
inner	mos2	0.4625000059604645	0.002499997615814209	0.6723003085968522	0.06534058099905085	0.5612994775419443	1.6988038575371758	0.06540457979620577	0.020170154778445873	0.018541537979799638	0.45718320498749243
inner	mos2	0.4675000011920929	0.002499997615814209	0.7019058586720008	0.06673375992079082	0.5694845082193	1.984323236243207	0.061287379883823365	0.02047987481964869	0.018799705380421843	0.46891754813540504
inner	mos2	0.4724999964237213	0.002499997615814209	0.5743902409229801	0.0606676670699687	0.5821488923993756	-0.12788775061100338	0.0579268430393045	0.020796323219920743	0.019037479922833403	0.4843882462173189
inner	mos2	0.47749999165534973	0.002499997615814209	0.5159720071846752	0.05755478349287577	0.5984471752060948	-1.4329854621315454	0.05532262150517157	0.02110497455036928	0.01924816431322623	0.5027714148373287
inner	mos2	0.48250000178813934	0.002500012516975403	0.5944597017853908	0.061570180376722315	0.6157238240776387	-0.3453639759075193	0.05335644744972948	0.02131456863418788	0.01942338752665386	0.5216294204670686
inner	mos2	0.48750001192092896	0.002499997615814209	0.5254376557848891	0.05819046711803815	0.6332505108400738	-1.85275802712648	0.05188695802790351	0.02151510782387873	0.01955309906440725	0.540295345923884
inner	mos2	0.4925000071525574	0.002499997615814209	0.689979674161519	0.06618051486831364	0.649082092442284	0.6179701351766936	0.05082143939715209	0.021687515688099873	0.019626195653383145	0.556946941703649
inner	mos2	0.4975000023841858	0.002499997615814209	0.5622465083951977	0.06005847592993911	0.6620022528289833	-1.6609769543628623	0.05012179070805994	0.021813066996125428	0.019631518019163713	0.5704358771056331
inner	mos2	0.5024999976158142	0.002499997615814209	0.5003795347245766	0.056912293712468476	0.672281061967551	-3.0204638757217017	0.04988301761171348	0.021901520735086298	0.0195579461060903	0.58093857751466
inner	mos2	0.5074999928474426	0.002499997615814209	0.4967271174317376	0.05658851099275911	0.6824567960936099	-3.282109308117997	0.0502502696817878	0.021988414956892802	0.019397905289234314	0.5908202061656957
inner	mos2	0.512499988079071	0.002499997615814209	0.7020756476604385	0.06673451645181133	0.6923312611497072	0.14601718913731335	0.051386638274652126	0.022079816655171013	0.01914841379659541	0.5997163924232878
inner	mos2	0.5174999833106995	0.002499997615814209	0.660614918109482	0.0647756796211891	0.706549997872072	-0.709140838524894	0.05357952581187836	0.022247375346980527	0.018811659902606602	0.6119114368106047
inner	mos2	0.5224999785423279	0.002499997615814209	0.7098557323134038	0.06700951131600465	0.7300965027394403	-0.30205817097493315	0.057096177797420294	0.022566295121558583	0.01839797413997016	0.632036055680493
inner	mos2	0.5274999737739563	0.002499997615814209	0.687026129693462	0.06590176284148361	0.767112506476539	-1.2152387634259831	0.062120686899719245	0.023108730193870528	0.01792518250163516	0.6639579068813133
inner	mos2	0.5324999988079071	0.0025000274181365967	0.8191582209505085	0.07178123157844342	0.8195233185453449	-0.005086254259059349	0.06863933801404469	0.023918411535241966	0.017416057561203693	0.7095495114348537
inner	mos2	0.5375000238418579	0.002499997615814209	0.8915554464941269	0.07479519687678554	0.8862541803184039	0.07087709367830265	0.0764467548040968	0.024992934643550624	0.016899258071068977	0.7679152327996843
inner	mos2	0.5425000190734863	0.002499997615814209	0.9541547156315336	0.07721638937585705	0.9628048283430136	-0.11202430962389147	0.08506445552640839	0.026276280284251188	0.016402290504108248	0.8350618020282397
inner	mos2	0.5475000143051147	0.002499997615814209	1.0629866223413225	0.08139267698477261	1.0417762395868069	0.2605932565467007	0.09379786491211824	0.027663070246569894	0.015956731757427064	0.9043585726706939
inner	mos2	0.5525000095367432	0.002499997615814209	0.9784405405072459	0.07816344403474608	1.1136116091793655	-1.729338699712769	0.10175963500401401	0.028983142482162258	0.015588377058018549	0.9672804546351671
inner	mos2	0.5575000047683716	0.002499997615814209	1.2281317380317336	0.08728357054814298	1.1693183643194727	0.6738195211643093	0.10814139478962369	0.030126115353805834	0.015313190721824604	1.0157376634542166
inner	mos2	0.5625	0.002499997615814209	1.2692647382419278	0.08874692123526887	1.2003527510400263	0.7765000322570652	0.11209378999363628	0.03093589908165227	0.01513560760813422	1.042187454356601
inner	mos2	0.5674999952316284	0.002499997615814209	1.19694013403919	0.08622316804069322	1.202021286145977	-0.05893024139856209	0.11308573194804668	0.031331592394088066	0.015051997090727139	1.0425519647131145
inner	mos2	0.5724999904632568	0.002499997615814209	1.2047282807402135	0.08643628341596661	1.1685700057404695	0.41832287982276667	0.11056809759895485	0.03122386639498123	0.015051680956167246	1.0117263607903662
inner	mos2	0.5774999856948853	0.002499997615814209	1.1903160464106466	0.08600920239810102	1.102451811040655	1.0215678429769	0.10469103166683094	0.03065804420845708	0.0151183206588228	0.9519844145065453
inner	mos2	0.5824999809265137	0.002499997615814209	0.9683074457381895	0.07769128517338607	1.0095085795469976	-0.5303186028762199	0.09564852393478579	0.029687990220262247	0.015235214458876736	0.8689368509330726
inner	mos2	0.5874999761581421	0.002499997615814209	0.9274036946520043	0.0760149542453713	0.9009511192158166	0.3479917300324953	0.08438509389255071	0.02853579660689229	0.0153865385290442	0.7726436901873277
inner	mos2	0.5925000011920929	0.0025000274181365967	0.7257126073830957	0.06755467072160054	0.7890477138839065	-0.9375385273036261	0.07200237133449122	0.027467862781985118	0.015557581416597074	0.6740198983508285
inner	mos2	0.5975000262260437	0.002499997615814209	0.737193249209583	0.06809855673474909	0.685288655401173	0.7621981477608065	0.05958723393059066	0.026762137737549284	0.015739084421821592	0.5832001993112093
inner	mos2	0.6025000214576721	0.002499997615814209	0.6609374636719453	0.0644901121554398	0.5986715269125913	0.9655113734222557	0.04804278028684621	0.02666967663986714	0.015924213728008438	0.5080348562578679
inner	mos2	0.6075000166893005	0.002499997615814209	0.6118463021390829	0.06216516342180693	0.5351106618214928	1.234383312031509	0.03800782069730645	0.027368362874041242	0.01610852811564726	0.45362595013449797
inner	mos2	0.612500011920929	0.002499997615814209	0.4787636738737062	0.05527087153869253	0.4970302271887323	-0.33049150133698413	0.029823595677265488	0.0289412347251168	0.016291024756505814	0.4219743720298421
inner	mos2	0.6175000071525574	0.002499997615814209	0.5697645085070362	0.06005737575537821	0.4836078863686382	1.43457187489053	0.02356470861731787	0.03136288876874547	0.01647202317716115	0.41220826580541436
inner	mos2	0.6225000023841858	0.002499997615814209	0.5455056120867864	0.058819125219650055	0.4913319629357199	0.9210209935758848	0.019093652209903042	0.0344924327166416	0.016651421747719927	0.42109445626145453
inner	mos2	0.6274999976158142	0.002499997615814209	0.5703076163150298	0.06005738821901997	0.5147307782985895	0.9253955202607248	0.016136732664347026	0.038087385849388	0.016830495564742715	0.443676164220115
inner	mos2	0.6324999928474426	0.002499997615814209	0.5223577567207855	0.05755404227163739	0.5473168395573076	-0.4336634205243628	0.014392471986071003	0.04182823971286133	0.017010444826685348	0.4740856830316881
inner	mos2	0.637499988079071	0.002499997615814209	0.5524130198125367	0.0591309623927763	0.5820206837157688	-0.5007133776474626	0.013522409261997437	0.045350050206458825	0.017190788361448186	0.505957435885862
inner	mos2	0.6424999833106995	0.002499997615814209	0.5097429526791499	0.056910980495538235	0.6123854348411999	-1.803562006282725	0.013230142763089155	0.048300439397618807	0.017371923668919726	0.5334829290115723
inner	mos2	0.6474999785423279	0.002499997615814209	0.587636903280485	0.060969724072001234	0.6330853588234956	-0.745426623373577	0.013271700786322291	0.05037911189627456	0.017553910366865242	0.5518806357740341
inner	mos2	0.6524999737739563	0.002499997615814209	0.6860206806410948	0.06562144421404098	0.6402272999762817	0.6978417072846852	0.013440385142326153	0.05138675001695718	0.01773504686522262	0.5576651179517751
inner	mos2	0.6574999988079071	0.0025000274181365967	0.5949697326775759	0.06126997137420709	0.6317195939306346	-0.5998021613003287	0.013611835445095637	0.05125463306234567	0.017914532418409485	0.548938593004783
inner	mos2	0.6625000238418579	0.002499997615814209	0.6480895125480095	0.06391661099536416	0.6052847172516048	0.6696975110196204	0.01368659141751749	0.049864652420658954	0.018092321602139638	0.5236411518112898
inner	mos2	0.6675000190734863	0.002499997615814209	0.5878990022852789	0.060969990957718566	0.5635516016758937	0.3993341679559974	0.013605831796307567	0.04749272810333181	0.018265594021530687	0.48418744775472117
inner	mos2	0.6725000143051147	0.002499997615814209	0.5166683344040425	0.05723382856928402	0.5107774293757281	0.10292697824998999	0.013347471930175476	0.0445388176338642	0.01843388697480351	0.4344572528368835
inner	mos2	0.6775000095367432	0.002499997615814209	0.49228935772654697	0.05593262208555701	0.451700724638425	0.7256701290712928	0.012890577033048913	0.04144330501446566	0.018596690254136013	0.37877015233677497
inner	mos2	0.6825000047683716	0.002499997615814209	0.4264405032286354	0.0521886850557224	0.3914107857743874	0.6712128772136412	0.01226995638918448	0.03864259349291775	0.018752237409976516	0.321745998482309
inner	mos2	0.6875	0.002499997615814209	0.2971515516611218	0.044167700694621115	0.3342401209478817	-0.8397215318767245	0.011532417222571107	0.03648878212781304	0.018900590276639918	0.26731833132085847
inner	mos2	0.6924999952316284	0.002499997615814209	0.32881920990084496	0.046204465985917646	0.28339431237810986	0.9831278547095393	0.010737895561425577	0.035202909430062844	0.019042179159894784	0.21841132822672737
inner	mos2	0.6974999904632568	0.002499997615814209	0.2387083449551505	0.03978415009278577	0.2406263694748917	-0.04821077025066293	0.009930622179264874	0.034852503692913935	0.019176178248147647	0.17666706535456517
inner	mos2	0.7024999856948853	0.002499997615814209	0.1819017889669279	0.03537730314958847	0.20642520005992618	-0.6931961712656308	0.009146524897389525	0.0353593942014522	0.019303577167769044	0.14261570379331476
inner	mos2	0.7074999809265137	0.002499997615814209	0.16524432776872203	0.033781665492281863	0.18019883464082992	-0.4426811601554863	0.008401802209424613	0.03652162290824725	0.01942565149038202	0.1158497580327756
inner	mos2	0.7124999761581421	0.002499997615814209	0.15140830858120904	0.03267315811906504	0.16087101582400176	-0.2896171593914931	0.007708626394566324	0.03806499021126375	0.019542215859475135	0.09555518335869666
inner	mos2	0.7175000011920929	0.0025000274181365967	0.14579049211435868	0.03210574734273131	0.14711499543366888	-0.04125439925665083	0.007073635833387063	0.03968560371250759	0.019654493205949947	0.08070126268182456
inner	mos2	0.7250000238418579	0.004999995231628418	0.1289435563037186	0.02145187020690846	0.13434830508775825	-0.2519476731823169	0.006229023944139722	0.04158392661925307	0.01981800159916145	0.06671735292520437
inner	mos2	0.7325000166893005	0.002499997615814209	0.1396444064159245	0.03152719689703992	0.12680672996293404	0.4071937157913258	0.005478656201319972	0.0424331819868731	0.01997616593991209	0.0589187258348284
inner	mos2	0.7400000095367432	0.004999995231628418	0.11739191279266516	0.020576263700811354	0.12306888791053949	-0.27589922059807603	0.004833002459025664	0.041514155533479265	0.02013052889346703	0.05659120102456723
inner	mos2	0.75	0.004999995231628418	0.09623709073294325	0.018946622931812006	0.12099965057707092	-1.3069643035197855	0.004098602930055911	0.03837963249284639	0.02033114886572347	0.058190266288444946
inner	mos2	0.7574999928474426	0.002499997615814209	0.14853749195003482	0.0321049907192416	0.12080089114971415	0.8639342413420228	0.0036400730287334433	0.035377196214542925	0.020478376365774917	0.061305245540662315
inner	mos2	0.762499988079071	0.002499997615814209	0.19820920483235654	0.03640268169697654	0.1212775758399446	2.1133505941349804	0.0033839234948443452	0.03351114306210276	0.020574557448378564	0.06380795183461849
inner	mos2	0.7674999833106995	0.002499997615814209	0.17736054895525666	0.03485280255082994	0.12197461715479085	1.5891385411457224	0.0031603797165190126	0.03199139793378834	0.02066987757506472	0.0661529619294187
inner	mos2	0.7724999785423279	0.002499997615814209	0.1543069258269736	0.032673552234562434	0.12277264327829165	0.9651317469951938	0.0029650812823434425	0.030940421145542744	0.020763128653346258	0.06810401219705932
inner	mos2	0.7774999737739563	0.002499997615814209	0.15567485318038293	0.03267307218304417	0.1235116086429738	0.9843960909834611	0.0027943818751710765	0.03040321952395266	0.020854665464271768	0.06945934177957849
inner	mos2	0.7824999988079071	0.0025000274181365967	0.1845584332144116	0.035376227215676986	0.12392956602641525	1.7138307829820993	0.0026442892580211446	0.030340213324481728	0.02094456381288887	0.07000049963102349
inner	mos2	0.7875000238418579	0.002499997615814209	0.1303418298771331	0.030336779360257488	0.12407789138732185	0.20648000947711978	0.00251020707871366	0.030690010231380474	0.021032201929944466	0.06984547214728301
inner	mos2	0.7925000190734863	0.002499997615814209	0.16185662451169394	0.03323140943780547	0.12404984936668427	1.1376819636785875	0.0023906314784709563	0.03135072362928071	0.02111708518393248	0.06919140907499974
inner	mos2	0.7975000143051147	0.002499997615814209	0.14260412976257938	0.031526064209089724	0.12393354383770185	0.5922269840297527	0.002283178418947291	0.03219292317448137	0.021199787744297448	0.06825765449997588
inner	mos2	0.8050000071525574	0.004999995231628418	0.13082362041469628	0.021451233507355196	0.12363243196348878	0.33523426281019175	0.0021409721945090383	0.0334514130929045	0.021317222309435713	0.06672282436663969
inner	mos2	0.8125	0.002499997615814209	0.19236976825287588	0.03589352383453127	0.12302861777266856	1.9318568664327647	0.0020165517838132783	0.03433539693395377	0.021428805747441472	0.06524786330745921
inner	mos2	0.8199999928474426	0.004999995231628418	0.1101278266963919	0.01989329209119263	0.1214326162488512	-0.5682714304217286	0.001911960227309835	0.03429673580571016	0.021531808828281988	0.06369211138754921
inner	mos2	0.8299999833106995	0.004999995231628418	0.10797197082694837	0.019660895347580237	0.11671659066377466	-0.44477220809287954	0.0018003166144856086	0.03266413501764679	0.021657798394597503	0.060594340637044386
inner	mos2	0.8400000035762787	0.005000025033950806	0.12264005094083473	0.020797716847094742	0.10861282209564221	0.6744600356049176	0.0017295636688162961	0.029301762895485483	0.021769186058130285	0.05581230947321
inner	mos2	0.8475000262260437	0.002499997615814209	0.17955660080202085	0.034852921186302795	0.10091434917484268	2.2564034505688606	0.001696337152214118	0.026169439921099994	0.021843929519208282	0.05120464258232019
inner	mos2	0.8550000190734863	0.004999995231628418	0.1156018466808531	0.02035097722791323	0.09334112358908325	1.0938404992777069	0.0017188486025687894	0.02314243528263487	0.02190987752342011	0.04656996218045975
inner	mos2	0.8650000095367432	0.004999995231628418	0.06828525416365651	0.0163387544612468	0.085157185488272	-1.0326326504650836	0.0018063581932292402	0.020047160662763023	0.02198780371646553	0.04131586291581384
inner	mos2	0.875	0.004999995231628418	0.10124120063602177	0.019187268725435407	0.08090993521873138	1.0596226960817228	0.0019961900687859805	0.018572603091053307	0.022056429573016578	0.038284712485875144
inner	mos2	0.8849999904632568	0.004999995231628418	0.09935185808258025	0.01894586181506442	0.0805943487881349	0.990058382011986	0.002240775591878782	0.0186148648563039	0.02211859197922345	0.03762011636072902
inner	mos2	0.8949999809265137	0.004999995231628418	0.0790881924543819	0.017161729575662903	0.08244670390479308	-0.19569772589668954	0.002478753189484194	0.01950222247121556	0.022176858060315514	0.03828887018377757
inner	mos2	0.9050000011920929	0.005000025033950806	0.08327342279516563	0.01768999136366575	0.08372832002826437	-0.025714949416712426	0.0026308286512521204	0.020316680751712356	0.02223272569865149	0.03854808492664826
inner	mos2	0.9150000214576721	0.004999995231628418	0.07863665990845442	0.01716220260138561	0.0818631538939885	-0.18799999396776654	0.0026244590418514195	0.020240831598642255	0.022287035100788232	0.03671082815270662
inner	mos2	0.925000011920929	0.004999995231628418	0.084834841716491	0.017690020403027456	0.07553681921576923	0.5256083536868345	0.002427185761504641	0.018850542164618383	0.022339643271285216	0.03191944801836096
inner	mos2	0.9350000023841858	0.004999995231628418	0.07213148098011928	0.01661764930321213	0.06570215694129464	0.38689732353311085	0.0020695808114578715	0.016277507635009354	0.02239031303502151	0.024964755459806115
inner	mos2	0.9474999904632568	0.007499992847442627	0.04314307726075762	0.011262874194743134	0.05221432049426238	-0.8054110413253752	0.0015301077319327635	0.012410809804459076	0.022448679764220228	0.015824723193650306
inner	mos2	0.9625000059604645	0.007500022649765015	0.04206928654488891	0.011079733085946402	0.039667380562588644	0.21678374051689533	0.0009697815304567068	0.00868584453622081	0.022509021758101176	0.0075027327378098035
inner	mos2	0.9750000238418579	0.004999995231628418	0.060368106738684944	0.015470587473300768	0.03385171608395991	1.7139873130537013	0.000659789064308982	0.007095420420957934	0.02254965311630683	0.0035468534823861384
inner	mos2	0.9850000143051147	0.004999995231628418	0.05851387979948472	0.015170067015840333	0.03177398279307135	1.7626749426019022	0.0005150314119597895	0.006780788687720387	0.022575261607121363	0.0019029010862698864
inner	mos2	0.9950000047683716	0.004999995231628418	0.06548346972295976	0.016054793249567607	0.03120354172620773	2.135183397498767	0.0004312398149355183	0.0069482711010879885	0.02259592427594142	0.0012281065342428029
inner	mos2	1.0074999928474426	0.007499992847442627	0.034354011045789716	0.010315243731214032	0.031265845357985225	0.2993788385687553	0.0003745684981842578	0.00726954226433918	0.02261502138956026	0.0010067132059013936
inner	mos2	1.024999976158142	0.009999990463256836	0.027516556484521427	0.008310409133916157	0.03134228775622	-0.46035414262399293	0.0003355202065035935	0.007119100239805205	0.022631436003475842	0.001256231306435235
inner	mos2	1.0424999594688416	0.007499992847442627	0.04059098585543533	0.01089321824314849	0.030911190587144657	0.8886074851551767	0.0003082957825992528	0.006146636322867593	0.02263649963477228	0.0018197588469055434
inner	mos2	1.0575000047683716	0.007500052452087402	0.032020460914116575	0.010115048250746727	0.030454434442099044	0.1548214534618677	0.00028314210892656873	0.005148588312639129	0.02263126629000277	0.0023914377305305377
inner	mos2	1.0700000524520874	0.004999995231628418	0.0601937262591169	0.015471070970290627	0.030248843706391897	1.9355403779239777	0.0002598125658364047	0.004552753132827867	0.022621275883283956	0.0028150021244437305
inner	mos2	1.0825000405311584	0.007499992847442627	0.034294227888319546	0.010315570732925118	0.030201613433113103	0.3967414466117405	0.0002350278698620568	0.004222711893588222	0.022604711290856765	0.003139162378806013
inner	mos2	1.0975000262260437	0.007499992847442627	0.03649626962176444	0.010511417713544545	0.030248760168984562	0.594354598307859	0.00020448828721922842	0.0039648068076673345	0.02257604156345236	0.003503423510645639
outer	pn	0.34848999977111816	0.002615004777908325	2.145113257369273	0.1582290916288194	2.2902926478061807	-0.9175265366338317	1.0283149834644216	0.143901723332395	0.10999520580159913	1.0080807352077639
outer	pn	0.35371799767017365	0.0026129931211471558	1.8881379215119485	0.15070461825653236	2.2641468867721524	-2.4950062553501446	1.0062355368374734	0.14359617223979892	0.11041584146349012	1.0038993362313924
outer	pn	0.35894249379634857	0.002611503005027771	2.0185797850596243	0.1526786735614997	2.2289091585880274	-1.3775949752647112	0.9818690048243904	0.14301087357872005	0.1107962097332891	0.9932330704516278
outer	pn	0.36416350305080414	0.0026095062494277954	2.112977226957581	0.15696902806546295	2.18015146742956	-0.4279458266376233	0.9530393618552349	0.14185989485166536	0.11090410715634826	0.9743481035663127
outer	pn	0.36938050389289856	0.002607494592666626	2.3956785336428243	0.16537036771330937	2.1280578028821977	1.6183112758422435	0.9239622636137881	0.14076596616342202	0.11120657832460601	0.9521229947803835
outer	pn	0.37459349632263184	0.0026054978370666504	1.7349303799707816	0.14331199921867335	2.0690132395360763	-2.3311576238325493	0.8927660530734994	0.13944784552791478	0.11147255907944771	0.9253267818552218
outer	pn	0.37980300188064575	0.0026040077209472656	2.0040078830867674	0.15346739139516694	2.005789511032677	-0.011609162895863591	0.8604550582344955	0.13795966415273353	0.11169719430103947	0.895677594344409
outer	pn	0.3850084990262985	0.0026014894247055054	1.9455380687947272	0.15063949424034173	1.9403891130011004	0.03418064976646699	0.8275999776704513	0.13634375879055222	0.11188895581265558	0.8645564207274437
outer	pn	0.39020998775959015	0.0025999993085861206	1.6841669888069912	0.14079566446394046	1.874951172131578	-1.355043026722239	0.7948053608056773	0.13464853470618965	0.11205283280167272	0.8334444438180376
outer	pn	0.3954080045223236	0.002598017454147339	1.7844180624774184	0.14511148200896004	1.8113972983746363	-0.18592075226378013	0.7625988578102881	0.1329203147061749	0.1121924686954175	0.8036856571627629
outer	pn	0.4006025195121765	0.0025964975357055664	1.694009308587076	0.1424137225092369	1.7509701959243225	-0.3999676880403994	0.7311670955415157	0.13119748283481314	0.11231683655278782	0.7762887809952077
outer	pn	0.4057930111885071	0.002593994140625	1.665790235729622	0.1407664821532785	1.6955200569838837	-0.21119957534982986	0.7011065881155418	0.12953935252785348	0.1124230266527248	0.7524510896877641
outer	pn	0.4109794944524765	0.0025924891233444214	1.832128922796671	0.1453673986516833	1.6451940315333244	1.2859478328511864	0.6721935833679143	0.12796913710796162	0.11251663525869827	0.7325146757987516
outer	pn	0.41616199910640717	0.0025900155305862427	1.6143349556558513	0.13693474204448383	1.6001143865344762	0.10384924168298666	0.6442811972251876	0.12651100446565053	0.11259662602266646	0.7167255588209698
outer	pn	0.4213404953479767	0.0025884807109832764	1.535498512888801	0.13636897848867632	1.560162727535124	-0.18086382196058615	0.6171871776386395	0.12518708419329105	0.11266344416826125	0.7051250215349291
outer	pn	0.42651548981666565	0.0025865137577056885	1.8038311548951307	0.1453812515512015	1.5249581957322742	1.9182181759154884	0.5906731561059188	0.12400649342167666	0.11271288481289936	0.6975656613917767
outer	pn	0.43168650567531586	0.002584502100944519	1.5456365664719636	0.13581386800005174	1.4943638924244071	0.3775216390091834	0.5647542125816133	0.12298733885513315	0.11274019348511571	0.6938821475025462
outer	pn	0.4368535131216049	0.0025825053453445435	1.673104205764227	0.1410305009719682	1.4681087007012799	1.4535543988721475	0.5394598267770144	0.12213524273442185	0.1127364705033386	0.693777160686504
outer	pn	0.44201649725437164	0.00258047878742218	1.6499066246563234	0.13968854917603624	1.4460629843321675	1.4592723707601194	0.5149163062401969	0.12145532646923132	0.1126960264981736	0.6969953251245673
outer	pn	0.447175994515419	0.002579018473625183	1.3858008562671922	0.130021639570106	1.4282250311503564	-0.32628549388726646	0.4913630426702374	0.12095034757255443	0.11260768815541417	0.7033039527521513
outer	pn	0.4523314982652664	0.002576485276222229	1.3938796747680502	0.13015122669382637	1.4148529262311056	-0.16114524615579554	0.46920523965057076	0.12063103882799296	0.11246591021363708	0.7125507375389037
outer	pn	0.4574829936027527	0.002575010061264038	1.4844018506489323	0.1333065811151911	1.4062381108124982	0.5863456941326273	0.44883916621383024	0.12050303204568819	0.11225899771328685	0.7246369148396913
outer	pn	0.4626305103302002	0.0025725066661834717	1.509986108802498	0.13458882875847294	1.4028744386029615	0.7958436906509847	0.43079455943116657	0.12058200669991138	0.11197967325316348	0.7395181992187201
outer	pn	0.46777400374412537	0.0025709867477416992	1.3002887177977474	0.12646536160367602	1.4052928878710507	-0.830299844493159	0.41564187750588544	0.1208848625341873	0.11162338565639549	0.7571427621745814
outer	pn	0.47291399538517	0.0025690048933029175	1.6482038149608067	0.13998866989787662	1.4140562240692611	1.672618155900467	0.40377633549943953	0.1214365267025328	0.11118289070659697	0.777660471160691
outer	pn	0.47805000841617584	0.002567008137702942	1.379987866404245	0.1294593758785223	1.4276022262319654	-0.3677938311119241	0.3950131755588447	0.12207914778121766	0.1104792757831397	0.8000306271087649
outer	pn	0.48318201303482056	0.0025649964809417725	1.3370810654067848	0.12840335766467384	1.4513451553991583	-0.8898839724329861	0.3910470078113005	0.1232549217794271	0.10987292757864316	0.82717029822979
outer	pn	0.48830999433994293	0.002562984824180603	1.5949214294565683	0.1385062749297752	1.4838369831978337	0.8020174271169742	0.3915586343644482	0.12482205668174962	0.10918356739641547	0.8582727247552224
outer	pn	0.49343398213386536	0.0025610029697418213	1.397214597880378	0.13178839994280903	1.5259920443033235	-0.9771531218136783	0.3968409661511374	0.12684685902903697	0.10841846232089368	0.893885756802251
outer	pn	0.4985544979572296	0.0025595128536224365	1.5397886926571573	0.13685689744034468	1.5788637874405043	-0.2855179060330487	0.4071328966767395	0.12940941980367301	0.10758357917893296	0.934737891781163
outer	pn	0.5036709904670715	0.0025569796562194824	1.6374787629088712	0.13992242559207016	1.6423733735059782	-0.03498088727661711	0.42233248849404104	0.13254164766570525	0.10669701015720373	0.9808022271890267
outer	pn	0.5087834894657135	0.0025555193424224854	1.5736513293228749	0.13818060655886488	1.7168297491992197	-1.0361687029890905	0.4423675890824951	0.13628607111344476	0.10576855618078049	1.0324075328225013
outer	pn	0.5138919949531555	0.0025529861450195312	1.8609457789449233	0.1480410240042053	1.8014101077273301	0.40215657530105975	0.4667765191649319	0.14064847383430004	0.10482039112641149	1.0891647236016866
outer	pn	0.5189964771270752	0.0025514960289001465	1.510208549623557	0.13775230214759057	1.8943150606567603	-2.788385421113788	0.49481186042728154	0.14557622469756396	0.10386474535364541	1.1500622301782737
outer	pn	0.5240974724292755	0.002549499273300171	1.5648441957075452	0.1377654319162522	1.9928974107384738	-3.10711627058334	0.5254518017553562	0.1509776760233193	0.10292595627934716	1.2135419766804538
outer	pn	0.5291949808597565	0.002548009157180786	1.8590441474709745	0.1494476979945634	2.093299630692831	-1.5674746842228253	0.5573143121785795	0.15669554587125561	0.10202117910441606	1.277268593538579
outer	pn	0.5342884957790375	0.0025455057621002197	2.3990671218348836	0.16567383607666716	2.190782081723733	1.2571993565403081	0.588748214235626	0.16252520000952947	0.10116897673074814	1.338339690747827
outer	pn	0.5393779873847961	0.0025439858436584473	2.391290565006473	0.16610819288080203	2.279962533317463	0.6702139717388781	0.6179073666364651	0.16822740186697532	0.10038689685596536	1.3934408679580554
outer	pn	0.5444639921188354	0.0025420188903808594	2.1933872120367317	0.15950969866779546	2.3551376209989723	-1.0140474862228395	0.642846185686607	0.17354138426925533	0.09968336474747974	1.4390666862956292
outer	pn	0.5495460033416748	0.002539992332458496	2.2271177766266614	0.1612888802098346	2.411151449925832	-1.1410189782441622	0.6617716535268239	0.17824636049097092	0.09907392343271994	1.4720595124753146
outer	pn	0.5546239912509918	0.0025379955768585205	2.434138784254813	0.16676877322030315	2.442972911874767	-0.052972312797935975	0.6729021341840054	0.18210678976072664	0.09856003939514602	1.4894039485348851
outer	pn	0.5596984922885895	0.0025365054607391357	2.661231449071343	0.1739477475687417	2.4476937151177007	1.227597005067601	0.6750923817048513	0.18502497029005802	0.09814409779150976	1.4894322653312795
outer	pn	0.5647695064544678	0.00253450870513916	2.5622449469313033	0.1716645055350669	2.423856507216679	0.8061563995613223	0.6676318354706848	0.1869795327056736	0.09782325493301483	1.471421884107306
outer	pn	0.5698365271091461	0.0025325119495391846	2.522499838266125	0.17028613604563245	2.3718459389401674	0.884710304810639	0.6503438208437002	0.18805828768805	0.09758866061594838	1.435855169792468
outer	pn	0.5748995244503021	0.0025304853916168213	2.272001434801907	0.16114851942383832	2.2941862313752956	-0.13766677256922438	0.6237468726628266	0.1884688852065633	0.09743323019266749	1.3845372433132388
outer	pn	0.5799590051174164	0.0025289952754974365	2.413455385909285	0.1664063250447461	2.1949747944761673	1.312934417452996	0.5888403779977638	0.18850747690816866	0.09734262950433085	1.3202843100659043
outer	pn	0.5850149989128113	0.002526998519897461	2.4963166971346125	0.16807372784911256	2.0798326556695437	2.4779841965483476	0.5471613174088588	0.188546131205072	0.09730594423879192	1.2468192628168229
outer	pn	0.5900675058364868	0.002525508403778076	2.1591995575177303	0.1574728684645908	1.9551047634966896	1.2960632267071026	0.5005508505295371	0.18897733041748596	0.09730769197431187	1.1682688905753553
outer	pn	0.595116525888443	0.0025235116481781006	1.9976367633440457	0.15284959657366093	1.8274082546320873	1.1136994308645247	0.4510417617500903	0.19017516049171523	0.09733501083134044	1.0888563215589444
outer	pn	0.6001615226268768	0.0025214850902557373	2.031068322046297	0.15328220595134595	1.70300059555746	2.140285784985183	0.4006832329451022	0.1924470240179813	0.09737766167867909	1.0124926769156957
outer	pn	0.6052030026912689	0.0025199949741363525	2.0400760823027277	0.15335009778283398	1.587128981588717	2.953679894977632	0.3513505542242482	0.19598249752267877	0.09742456895870849	0.9423713608830837
outer	pn	0.6102409958839417	0.002517998218536377	2.2651459502085247	0.16126201519678168	1.4836606784938406	4.846059196029942	0.3046418748025481	0.20081844388582576	0.09746279706409859	0.8807375627413683
outer	pn	0.615275502204895	0.002516508102416992	1.894494639821011	0.14824483624089235	1.3949962544889218	3.3694150703530936	0.2618147288584492	0.2068485126157862	0.0974911003666861	0.8288419126479994
outer	pn	0.6203070282936096	0.0025150179862976074	1.5648803963297102	0.135976339870074	1.3217405465959933	1.7881040919768703	0.22368959752621245	0.21378971066193356	0.09750041732367672	0.7867608210841686
outer	pn	0.6253345012664795	0.0025124549865722656	1.4104876528188925	0.13012799180765086	1.2617241388933147	1.1432091732075076	0.19050389969553302	0.2209971931119679	0.09738374550280696	0.7528393005830065
outer	pn	0.63035848736763	0.002511531114578247	1.504205338495046	0.1337955758307057	1.2155703587844455	2.1572834372028584	0.16275366428453997	0.22842941482471993	0.09734622053610782	0.7270410591390755
outer	pn	0.6353794932365417	0.002509474754333496	1.3732482019685928	0.12861961948980774	1.1789376362576942	1.5107381477387778	0.1399602946220672	0.23532700649103397	0.09728630737133498	0.7063640277732598
outer	pn	0.6403964757919312	0.002507507801055908	1.3234300567794721	0.12570937432888923	1.1483380661156648	1.3928316133824674	0.12165163543337972	0.24115196825181773	0.09719776416009329	0.6883366982703768
outer	pn	0.6454104781150818	0.0025064945220947266	1.0986366565746302	0.1155439562405137	1.1203406053624057	-0.18784148902255896	0.10721923856822595	0.24546824493989275	0.09708421954624351	0.6705689023080426
outer	pn	0.6504215002059937	0.0025045275688171387	1.1249431985675367	0.11841376298657426	1.0918969041494817	0.27907477631465644	0.09598615866238884	0.24795862683859396	0.09694382455289975	0.6510082940956
outer	pn	0.6554285287857056	0.0025025010108947754	1.0428300078827821	0.11286443692424437	1.0605472213302964	-0.156977821626898	0.08727475311862459	0.2484719021313223	0.09678016261417717	0.6280204034661709
outer	pn	0.6604325175285339	0.0025014877319335938	1.126014316164142	0.11714248445562427	1.0246521771485202	0.8652893054698674	0.08045181084204873	0.24702643230437285	0.09659282645428857	0.6005811075478099
outer	pn	0.6654334962368011	0.002499490976333618	1.0889670747898477	0.11539136082308654	0.9834625045132968	0.9143194908525807	0.07496876507572711	0.24380780848764294	0.09638270679804231	0.5683032241518862
outer	pn	0.670430988073349	0.0024980008602142334	1.0892793921093022	0.11398015188642381	0.9371104283264035	1.335047911977942	0.07038016054924945	0.23914835129488707	0.09615363589039196	0.5314282805918734
outer	pn	0.6754254996776581	0.0024965107440948486	0.9931150436500049	0.11072176551613105	0.8863648171585089	0.9641304579445454	0.06634003388980399	0.2334584360042867	0.09590360047967181	0.4906627467847431
outer	pn	0.6804165244102478	0.002494513988494873	1.0215530196547733	0.11176266066132694	0.8325930865727532	1.690725077265502	0.06260652901810791	0.2272092186770018	0.09563846238630838	0.4471388764913371
outer	pn	0.6854045391082764	0.0024935007095336914	0.8889686245048354	0.10427196968989667	0.7773925805067164	1.070048300899508	0.05902000896545236	0.2208409674189568	0.0953576644608295	0.4021739396614767
outer	pn	0.6903895139694214	0.002491474151611328	0.8218248843926121	0.1017387182812741	0.7224600597660265	0.9766667627153964	0.05549238355588174	0.21473591009525433	0.09506363319017747	0.35716813292471394
outer	pn	0.695371001958847	0.002490013837814331	0.660204553483038	0.09407920005264803	0.669379119445331	-0.0975196000514336	0.05198820589879714	0.2091729472167677	0.09475734811754374	0.3134606182122238
outer	pn	0.7003500163555145	0.0024890005588531494	0.7590666821628318	0.09742634831173509	0.6194620911703665	1.4329243927502284	0.048507356775683	0.2043076158617542	0.09444049026656684	0.27220662826636105
outer	pn	0.7053259909152985	0.002486974000930786	0.6107712928618149	0.08934689591704505	0.5737053338105412	0.4148544688747538	0.04507402838061518	0.20017711097738744	0.09411764069612247	0.23433655375641566
outer	pn	0.710298478603363	0.002485513687133789	0.5263665624818479	0.08440448096619137	0.5325970358733618	-0.07381685569525145	0.04170108037311944	0.19668658673471628	0.0937849253378165	0.20042444342771037
outer	pn	0.7152684926986694	0.0024845004081726074	0.5216052518218602	0.083763807598018	0.4965748159059438	0.29882161083265607	0.03846839417976638	0.19368567315981033	0.09344827295050272	0.17097247561586418
outer	pn	0.7202354967594147	0.002482503652572632	0.46980862823680536	0.07907866894059977	0.4653968451303724	0.055789799772008083	0.0353741562131364	0.1909517681887761	0.09310707596871025	0.14596384475974872
outer	pn	0.7251995205879211	0.002481520175933838	0.46291411070144833	0.079821532419019	0.43876195237391125	0.3025769813682802	0.03243783395530917	0.18825619538518856	0.09276082586466333	0.12530709716874844
outer	pn	0.7301610112190247	0.0024799704551696777	0.44236855606373127	0.07852146732581167	0.41627169777042344	0.3323531663643432	0.029714324478261275	0.1854149536584342	0.09241343552155716	0.10872898411217033
outer	pn	0.735119491815567	0.0024785101413726807	0.3516356530723545	0.07200592681142226	0.3973145050946884	-0.6343762804687335	0.027185516517448605	0.1822738592049027	0.0920623047432382	0.09579282462909973
outer	pn	0.7400749921798706	0.002476990222930908	0.26746629595177324	0.06478581425962164	0.3813538713391881	-1.7579091455271918	0.024858039188093664	0.17876354464539596	0.09170889992176559	0.08602338758393256
outer	pn	0.745027482509613	0.0024755001068115234	0.32624378714913244	0.07052077886242968	0.3678869582075553	-0.5905092333092266	0.02273151346569468	0.17488959797957118	0.09135321330479927	0.07891263345748996
outer	pn	0.7499774992465973	0.0024745166301727295	0.2980470528559265	0.06651662214589138	0.35648900135833067	-0.8786066793082645	0.020801528191712177	0.1707276270193106	0.09099596418704309	0.073963881960265
outer	pn	0.754925012588501	0.002472996711730957	0.31179380124509365	0.06739655676894882	0.34679743268872054	-0.51936824552666	0.01905916052933393	0.16640348029535582	0.09063577847146763	0.0706990133925634
outer	pn	0.7598699927330017	0.0024719834327697754	0.2857121273779275	0.0665929066058124	0.3385345430003225	-0.7932138468601475	0.017494043936091594	0.16207677441141596	0.09027349751699097	0.06869022713582326
outer	pn	0.7648124992847443	0.0024705231189727783	0.38330703836686364	0.07371065455258342	0.3314742165330245	0.7031930749829773	0.01609393381750691	0.1579088286127675	0.08990855795062824	0.06756289615212123
outer	pn	0.769752025604248	0.002469003200531006	0.27828957079072064	0.0658305961020004	0.3254308015529051	-0.7160991021430532	0.014845847981528597	0.15404249048674717	0.08954063112423687	0.0670018319603928
outer	pn	0.7746890187263489	0.0024679899215698242	0.21932259602607898	0.05968845836477121	0.3202368182423681	-1.690682335931293	0.013736252199352617	0.15057979219988032	0.08916981033305575	0.06675096351007966
outer	pn	0.7796235084533691	0.0024664998054504395	0.21578687759063953	0.061578666642012836	0.31572461128616464	-1.6229278603337167	0.01275174898883949	0.14756801801302796	0.08879629826116014	0.06660854602313622
outer	pn	0.7845554947853088	0.002465486526489258	0.22109489058401752	0.06062524883474571	0.31171445946658405	-1.4947496401966172	0.011879332570972161	0.144990066128582	0.08841757205215843	0.06642748871487131
outer	pn	0.789484977722168	0.002463996410369873	0.290072168266326	0.06595200230834701	0.30801650978050216	-0.2720818305148729	0.011105643061750405	0.1427747012829787	0.08803474090798213	0.06610142452779064
outer	pn	0.7944119870662689	0.002463012933731079	0.3503812318607365	0.07160300179164401	0.30444236694878934	0.6415773607595899	0.01042205565319516	0.140807935376729	0.08764873141404111	0.06556364450482417
outer	pn	0.7993369996547699	0.0024619996547698975	0.14890663535278312	0.05401179425601395	0.3007882151252814	-2.8120076710020987	0.009818598680353941	0.13893364199265834	0.08725849449059805	0.06477747996167117
outer	pn	0.8042594790458679	0.002460479736328125	0.16677608226467627	0.05498740735372833	0.29686281244783697	-2.3657549326944283	0.009286228838847227	0.13698160538107332	0.08686337933147906	0.06373159889643816
outer	pn	0.8091799914836884	0.0024600327014923096	0.39261807504661644	0.07319313074861206	0.2922744528692461	1.3709431629862774	0.008812421444946051	0.13469253492677338	0.0864082101162158	0.06236128638131027
outer	pn	0.8140985071659088	0.0024584829807281494	0.264930798366244	0.06348399707256897	0.28738573031427483	-0.35371011567470234	0.008404894598919925	0.13213397426834322	0.08600626858957693	0.06084059285743432
outer	pn	0.8190140128135681	0.0024570226669311523	0.205024816850227	0.05901501194206381	0.2818515679238867	-1.3018170893379135	0.008053294487859216	0.12909571978538056	0.08559830335105297	0.05910425029959357
outer	pn	0.823927491903305	0.002456456422805786	0.3684158561244451	0.07098870128035478	0.2756706572477929	1.306478315617788	0.007754722439324009	0.12553698200417013	0.08518900513201538	0.057189947672283324
outer	pn	0.828838974237442	0.0024550259113311768	0.3381820773704986	0.07028411864866109	0.2688827636613103	0.9859882295117667	0.007510760663395757	0.12145732103310661	0.08477313765776877	0.05514154430703893
outer	pn	0.8337480127811432	0.002454012632369995	0.1870246829901022	0.05713574467988444	0.2615986679427284	-1.3052071933330587	0.007319332717235319	0.11692267614151572	0.08435508172218754	0.05300157736178962
outer	pn	0.8386555314064026	0.0024535059928894043	0.1708610225875207	0.05411307355852525	0.25396412607044205	-1.5357306103310198	0.007180550955757139	0.11203558531408103	0.0839336420808198	0.05081434771978438
outer	pn	0.8435610234737396	0.002451986074447632	0.3428140412425032	0.0687248094805416	0.2461723503275626	1.4062125693095335	0.007094455561184415	0.10693976807539064	0.0835106455832644	0.048627481107723164
outer	pn	0.8484639823436737	0.00245097279548645	0.19902232101320724	0.05816229495716051	0.238398229865408	-0.6770006046220001	0.007060360325955215	0.10177647491655634	0.0830838509832071	0.046477543639688805
outer	pn	0.8533649742603302	0.002450019121170044	0.19319232722669627	0.05618073338369879	0.23089495699086857	-0.6710953647876723	0.007076660112463406	0.0967435456889269	0.08265597991296326	0.044418771276514765
outer	pn	0.8582645058631897	0.002449512481689453	0.25824393684414954	0.06188602805863877	0.22382802001980712	0.5561177200083411	0.00713932528118368	0.09198194536133725	0.08222748619368933	0.042479263183596634
outer	pn	0.8631620109081268	0.0024479925632476807	0.17869093076543965	0.0572803045034377	0.21734651458192863	-0.6748494818872524	0.007244055430038142	0.08761654298180245	0.08180037610185181	0.040685540068236214
outer	pn	0.8680574893951416	0.00244748592376709	0.169003923247405	0.05528411166233871	0.21153702331392935	-0.7693548614167066	0.007382621093653634	0.08373342677585366	0.08137312498305714	0.03904785046136533
outer	pn	0.8729515075683594	0.0024465322494506836	0.18592708488298706	0.05629436728090222	0.20642901315019585	-0.3641914681251606	0.007545159697592393	0.08037472492371167	0.08094474310046006	0.03756438542843174
outer	pn	0.8778435289859772	0.0024454891681671143	0.21520809840899485	0.06018726257922329	0.20201157563719316	0.21925773338555438	0.007720929994699713	0.07754488222542025	0.08052060121363859	0.036225162203434885
outer	pn	0.885177493095398	0.004888474941253662	0.17838715177480832	0.03947411700682609	0.1965128751986503	-0.4591799588755226	0.00797688939722459	0.0742182490994956	0.07988729798642408	0.034430438715506086
outer	pn	0.8925089836120605	0.0024430155754089355	0.2208462883259	0.06025294284242636	0.19177832144922394	0.48243231791507146	0.008189876843744778	0.07158068445821518	0.07925827869704476	0.03274948145021927
outer	pn	0.8973940014839172	0.002442002296447754	0.24901985804928448	0.06022765934915327	0.18883338384776116	0.999316175523422	0.008279606210873272	0.07008267297470872	0.0788418781665993	0.03162922649557995
outer	pn	0.9022774994373322	0.002441495656967163	0.1677371060243305	0.05437620940871705	0.18583328718615538	-0.33279592966485594	0.008314393063898947	0.06862962509097427	0.07843110059631549	0.03045816843496682
outer	pn	0.9095994830131531	0.00488048791885376	0.15044264190329948	0.03734554612329504	0.1807926330693619	-0.8126803412075694	0.008234499286488488	0.06623490155931218	0.07782110890568959	0.02850212331787187
outer	pn	0.9193574786186218	0.00487750768661499	0.153473065931867	0.036960568410452366	0.17263565876944983	-0.5184604474904045	0.007885978280426753	0.06227162342813254	0.077019435967576	0.025458621093314815
outer	pn	0.9291099905967712	0.004875004291534424	0.1989808846232775	0.040281823365817204	0.16253113097978228	0.9048685138326228	0.007257592478299498	0.057147276982671816	0.07623150539646581	0.021894756122345448
outer	pn	0.9388569891452789	0.004871994256973267	0.10835172262560439	0.03380405069359898	0.15086851279300154	-1.2577424685807843	0.006407993128082307	0.051025998544285654	0.07545527786964537	0.017979243250988132
outer	pn	0.9461639821529388	0.0024349987506866455	0.17186585948217348	0.053418404966662995	0.14170028426097953	0.5647037802798396	0.005688066261081587	0.04612723602243625	0.07488130558541811	0.015003676392043579
outer	pn	0.9534674882888794	0.004868507385253906	0.15441772620109837	0.03625294894425723	0.13271535572783502	0.5986373827583806	0.004944003463504916	0.041293672387840555	0.07431452133843115	0.01216315853805861
outer	pn	0.96076899766922	0.00243300199508667	0.18250664131062097	0.055558387354236495	0.12428010592489332	1.0480242166584	0.004218939215370874	0.03676633084108546	0.07375318134677104	0.009541654521665981
outer	pn	0.9680669903755188	0.004864990711212158	0.08198767144050763	0.0316786463033103	0.11690300033200553	-1.1021723768496188	0.003555269468784527	0.03286001075088222	0.07319670927499011	0.007291010837348612
outer	pn	0.9777950048446655	0.00486302375793457	0.09404471614419527	0.03214727603343982	0.10880005855095319	-0.4589919964419166	0.0027912988979794154	0.028683503863712836	0.07246237910645571	0.004862876682805369
outer	pn	0.9875185191631317	0.004860490560531616	0.09595455556126284	0.033029444277327784	0.10280972156880143	-0.2075471191697931	0.002192885292287924	0.02574886697643137	0.07174006953204703	0.0031278997680351684
outer	pn	0.997239500284195	0.004860490560531616	0.06737842072251672	0.03031483690112815	0.09858442950187388	-1.0293972183038809	0.0017516590603720895	0.02380845023407364	0.071027329045694	0.0019969911617340593
outer	pn	1.0069549679756165	0.004854977130889893	0.10023721478517407	0.03216845995764119	0.09560692741043832	0.14393873318252806	0.001442203061199557	0.022493914543981343	0.07032643861183131	0.0013443711934261172
outer	pn	1.016664981842041	0.004855036735534668	0.0725180256662288	0.029872550467675046	0.0933481071773511	-0.6972983955173981	0.0012326834659534122	0.021438313950539918	0.06963710895863257	0.0010400008022253369
outer	pn	1.0263749957084656	0.004854977130889893	0.05449082039429969	0.028899623759347026	0.09139538099713117	-1.2769910400959945	0.0010910698941382095	0.02037299488406152	0.06896267847213144	0.0009686377467998236
outer	pn	1.0360849499702454	0.004854977130889893	0.09705674847163011	0.03217341674663996	0.08950359873819887	0.23476368061592515	0.0009913538470598747	0.019169306429830626	0.0683002592732173	0.0010426791880908312
outer	pn	1.0457899570465088	0.004850029945373535	0.10388635227988662	0.033087528265114186	0.08759283122018406	0.49243693663517374	0.0009150742256180174	0.01782831355137896	0.06764912562726708	0.0012003178159196862
outer	pn	1.055489957332611	0.00484997034072876	0.07952047567705178	0.03084518191330177	0.08566627041458062	-0.19924650646584477	0.0008502243666251697	0.016432322999100756	0.06698488791881292	0.0013988351300418924
outer	pn	1.0651899576187134	0.004850029945373535	0.08174910790490411	0.03036491556410794	0.08385576761239526	-0.06937808547642622	0.0007903842105730172	0.015094137101837216	0.06635701498952333	0.0016142313104617633
outer	pn	1.0748900175094604	0.004850029945373535	0.11500441520380039	0.033074816337301936	0.08218120115482273	0.9923929346800175	0.0007316037592651366	0.01388189596322076	0.06573541801443113	0.0018322834179059972
outer	pn	1.082165002822876	0.002424955368041992	0.2263257993282538	0.05670733578693529	0.08103688187129313	2.562083290296871	0.0006877692768717594	0.013077377151804986	0.06527722607908952	0.0019945093635267705
outer	pn	1.0894349813461304	0.004845023155212402	0.11080544246673313	0.03266688049468502	0.07999010207415577	0.943320571965575	0.0006438697672058944	0.012371385248813819	0.06482181511752154	0.002153031940614474
outer	pn	1.0991299748420715	0.00484997034072876	0.06757190131323677	0.029914398558919007	0.07870130125429016	-0.3720415745325137	0.000585769403615745	0.01153751850204878	0.06422103552230175	0.002356977826323896
outer	mos1	0.35249999165534973	0.002499997615814209	0.13263226377907011	0.035173185430367106	0.1669636325939071	-0.9760665232554303	0.07184554805226291	0.009994461687166693	0.00798413689199605	0.0771394859624817
outer	mos1	0.35750000178813934	0.002500012516975403	0.1617018115047672	0.03788197024273173	0.16975133831536485	-0.21248965560713087	0.07274596211252624	0.010071685527947391	0.008072881038121307	0.07886080963677009
outer	mos1	0.36250001192092896	0.002499997615814209	0.16197718740808734	0.03788205222039362	0.17132095857904497	-0.24665430258626442	0.07300271371035318	0.010150367622583142	0.008159331114909804	0.0800085461311989
outer	mos1	0.3700000047683716	0.004999995231628418	0.13837363774577982	0.025118661877996874	0.1704023916950357	-1.2750979373352698	0.07187531679292539	0.010266918359848307	0.008284359901868413	0.07997579664039363
outer	mos1	0.3774999976158142	0.002499997615814209	0.16319546101292173	0.037881743881700874	0.16104850702955123	0.05667516231763578	0.06720050247025325	0.0103050857889385	0.008405431236225853	0.07513748753413345
outer	mos1	0.3824999928474426	0.002499997615814209	0.1360139135097635	0.035172997107950806	0.14966317634707618	-0.3880608409747172	0.06198342470975678	0.010269771874885711	0.00848373507466938	0.06892624468776404
outer	mos1	0.39000000059604645	0.005000010132789612	0.11974410974063715	0.02359476265710043	0.13293570466740764	-0.5590899607036612	0.05449462229606762	0.010170287333670798	0.008598005151726108	0.05967278988594293
outer	mos1	0.39750000834465027	0.002499997615814209	0.21658763732985348	0.04220606439355657	0.1212282876882449	2.259375542633317	0.04930321578158749	0.01006131088510198	0.008709307453700105	0.05315445356785527
outer	mos1	0.4025000035762787	0.002499997615814209	0.15347679220301025	0.036551953689621046	0.11768332851373692	0.9792489888012993	0.04771636159745227	0.010010127182229975	0.00878216218454719	0.05117467754950762
outer	mos1	0.4074999988079071	0.002499997615814209	0.13911835387332816	0.03517237307719067	0.11670942589992862	0.637117317168791	0.04723837151958621	0.009973839916593766	0.008855452969091324	0.050641761494657274
outer	mos1	0.4124999940395355	0.002499997615814209	0.19579652560037902	0.04040945669546382	0.11738080480599689	1.9405289555200755	0.04741441476661504	0.009951243356388254	0.008932058532218777	0.05108308815077488
outer	mos1	0.42000000178813934	0.005000010132789612	0.08657572997885757	0.020809123003436156	0.11950513901274365	-1.582450592869701	0.04789361797565168	0.009936018954093191	0.009061782783878288	0.052613719299120745
outer	mos1	0.4300000071525574	0.004999995231628418	0.1029933202546898	0.0219656534389123	0.12057966071222442	-0.8006290596563956	0.04689339616093684	0.010003105607896804	0.009256978616678922	0.05442618032671179
outer	mos1	0.4399999976158142	0.004999995231628418	0.12733301810871653	0.02385525393870955	0.11830215126696368	0.37856930238326236	0.04322084704445657	0.010110572413041155	0.009457047190225484	0.05551368461924065
outer	mos1	0.45000000298023224	0.005000010132789612	0.08722365450693773	0.02050940919248702	0.11293064865094758	-1.2534244113392994	0.037214277794942775	0.010190902175694821	0.009635552123045036	0.055889916557265024
outer	mos1	0.46000000834465027	0.004999995231628418	0.11454310570363636	0.022794649667249946	0.10902537800304916	0.24206240416648106	0.031900405451469514	0.010275052551394633	0.009774770618609846	0.05707514938157507
outer	mos1	0.4699999988079071	0.004999995231628418	0.08748152104127971	0.02050960588237799	0.1092426553635993	-1.0610215743354152	0.028902905735584877	0.01042303465875477	0.009862686894203717	0.06005402807505562
outer	mos1	0.48000000417232513	0.005000010132789612	0.07800225867612318	0.019584039429908398	0.11319203875864699	-1.79686015280293	0.027940534173391946	0.01065618257485406	0.009884358099167262	0.06471096391123328
outer	mos1	0.49000000953674316	0.004999995231628418	0.09659569841621306	0.021103842695522908	0.11900319935488679	-1.0617735007770595	0.028087967414919212	0.01093737035640011	0.009819792270942169	0.07015806931262578
outer	mos1	0.5	0.004999995231628418	0.1206981823428421	0.023064285315014945	0.12567924393293506	-0.21596427212293737	0.028958860567152956	0.011236692393193864	0.009647808390478577	0.07583588258210924
outer	mos1	0.5099999904632568	0.004999995231628418	0.09346092732502986	0.020808822906042385	0.13160819942372434	-1.833225851886962	0.030487060585675775	0.011492769744011817	0.009356642217530041	0.08027172687650644
outer	mos1	0.5199999809265137	0.004999995231628418	0.08727084272723533	0.02020569389194326	0.13569082542401556	-2.396353372258452	0.03293503449853376	0.0116609327571799	0.008953361179539966	0.08214149698876154
outer	mos1	0.5274999737739563	0.002499997615814209	0.14765517747967305	0.03517206148306815	0.14099687634166097	0.18930653641718978	0.03579578904812156	0.011907952131079355	0.00859619363102787	0.0846969415314315
outer	mos1	0.5349999964237213	0.005000025033950806	0.14721740234857872	0.024870209077452732	0.15082691512960164	-0.14513399424113796	0.039725202454463496	0.012425011712739287	0.008211329929076704	0.09046537103332263
outer	mos1	0.5425000190734863	0.002499997615814209	0.17593840657305637	0.03788153438850654	0.16373230457053628	0.3222177295496111	0.04418196241144894	0.013155173185526985	0.007836685015513349	0.0985584839580466
outer	mos1	0.5475000143051147	0.002499997615814209	0.1907342171478104	0.039165543077073144	0.17315491980101277	0.44884599997001545	0.04716592213769175	0.013734603414931535	0.007626196723976659	0.10462819752441266
outer	mos1	0.5525000095367432	0.002499997615814209	0.23346947279300787	0.04278788929439834	0.1819395047489912	1.2043119885972688	0.04983753503251966	0.014328407184427877	0.007466172452796373	0.11030739007924723
outer	mos1	0.5575000047683716	0.002499997615814209	0.17672033762798403	0.03788103659794405	0.1891467886061756	-0.3280388314100674	0.05196400340232447	0.014888321952345955	0.0073630942854459305	0.11493136896605911
outer	mos1	0.5625	0.002499997615814209	0.2047468841764243	0.040409037509597207	0.193919490018007	0.26794486643849846	0.05330383258523468	0.015370275113017404	0.007315114489150283	0.1179302678306047
outer	mos1	0.5674999952316284	0.002499997615814209	0.1699848499982254	0.037222683894832284	0.19436414495383178	-0.6549580095966966	0.053376146462563306	0.015695276560318522	0.00731501273944823	0.11797770919150113
outer	mos1	0.574999988079071	0.004999995231628418	0.13565132497234908	0.023855056840709925	0.1823456680423884	-1.9574190655606791	0.049873677787653614	0.01569720702803515	0.0073837225606606105	0.10939106066603856
outer	mos1	0.5849999785423279	0.004999995231628418	0.11799817991082863	0.022521537237926572	0.14838824577649362	-1.3493779551818386	0.03910350096587671	0.014843601617951164	0.007535560281959911	0.08690558291070563
outer	mos1	0.5949999988079071	0.005000025033950806	0.12935697995094894	0.023330601102547168	0.11007422227218815	0.8265006801155912	0.02559594261880607	0.013877106846759532	0.007705528926379145	0.06289564388024302
outer	mos1	0.6050000190734863	0.004999995231628418	0.10134916204628443	0.02110378168997817	0.08440293741456659	0.8029946897984316	0.014817803695770623	0.01396810620678585	0.007866841818730612	0.04775018569327951
outer	mos1	0.6150000095367432	0.004999995231628418	0.0779548341992413	0.0189412658423996	0.0760394451959039	0.10112254477997176	0.008697450630531862	0.015575772213850165	0.008018292078086409	0.04374793027343541
outer	mos1	0.625	0.004999995231628418	0.1167484259757116	0.022244763528011285	0.0804128937117168	1.633442055620865	0.006269359422738928	0.018367587292954006	0.00816699647304436	0.047608950522979296
outer	mos1	0.6349999904632568	0.004999995231628418	0.10315692103994352	0.02110350815669989	0.09002155404164264	0.6224257550340367	0.005808859957870844	0.021501734619157883	0.008317847687901848	0.054393111776712105
outer	mos1	0.6449999809265137	0.004999995231628418	0.07865933771193825	0.018941043664010716	0.09829072916910885	-1.03644718872971	0.006058441553617804	0.024000629244680726	0.00847131603703391	0.05976034233377616
outer	mos1	0.6550000011920929	0.005000025033950806	0.1312768301121686	0.023330469321864142	0.10067463092445254	1.3116838227955065	0.006355477860394137	0.0250362726889342	0.008624930926890075	0.06065794944823369
outer	mos1	0.6650000214576721	0.004999995231628418	0.07542677157399451	0.018612013165910445	0.09220570566451097	-0.9015109725609142	0.006412602260814985	0.02344305136226899	0.008774989199386551	0.05357506284204065
outer	mos1	0.6775000095367432	0.007499992847442627	0.07094206536965648	0.014830505175961033	0.07107794771425435	-0.009162354416498333	0.005915666610376651	0.01926252801190029	0.008950471392074255	0.0369492816999031
outer	mos1	0.6924999952316284	0.007499992847442627	0.04871276912339421	0.012843989379596951	0.04907436034302774	-0.02815256295741984	0.004720175320676737	0.016194048508835	0.009137783663425925	0.019022352850090025
outer	mos1	0.7125000059604645	0.012500017881393433	0.02055055679980619	0.007707072192418374	0.03947843104753434	-2.4559098157076997	0.0033304694300356243	0.018043745696684654	0.009347302921905623	0.008756912998908486
outer	mos1	0.737500011920929	0.012499988079071045	0.019519287603343507	0.007577713293443604	0.03777296479905586	-2.408863530308783	0.0021945210595285102	0.019868264954539805	0.009582421604946023	0.006127757180041254
outer	mos1	0.7574999928474426	0.007499992847442627	0.04746806611697706	0.012628228432475288	0.03460232233330499	1.0188082875176678	0.001590361275483141	0.0164343337877072	0.009763401696789227	0.006814225573325334
outer	mos1	0.7750000059604645	0.010000020265579224	0.027488244725039027	0.00913917698477244	0.03329263698518489	-0.6351110466311197	0.0012807756895022106	0.014335904606714045	0.00991622984506474	0.007759726843903668
outer	mos1	0.7925000190734863	0.007499992847442627	0.04373701208365276	0.01218489188036242	0.03369772108530426	0.8239130143229386	0.0010822508150816867	0.01487698915871852	0.010061746450647545	0.007676734660856434
outer	mos1	0.8100000023841858	0.009999990463256836	0.026516487268737603	0.008968221657727692	0.03443169988177569	-0.8825844091640784	0.0009461517067100534	0.016161508767858504	0.010193111572380117	0.007130927834827035
outer	mos1	0.8299999833106995	0.009999990463256836	0.02490889665492048	0.008794140375424385	0.033189329216084765	-0.9415852155719872	0.0008462250726928893	0.015399942956365278	0.010322716981601842	0.006620444205424609
outer	mos1	0.8499999940395355	0.010000020265579224	0.02646856739041675	0.008968298186845202	0.028308792448363658	-0.20519222483549565	0.0008209392247819874	0.011635162183255788	0.010427968417236703	0.005424722623089307
outer	mos1	0.8700000047683716	0.009999990463256836	0.032420724547657286	0.009471491125908673	0.024554950159420857	0.8304684324435562	0.0009229462508842211	0.008827488826839248	0.010509944368382856	0.004294570713314495
outer	mos1	0.887499988079071	0.007499992847442627	0.03986822765733868	0.011725104747425958	0.02465032349423284	1.297890679095781	0.0011167660753054211	0.008850933664621932	0.010569631696614764	0.004112992057690747
outer	mos1	0.9074999988079071	0.012500017881393433	0.02268704406752066	0.007577489464145206	0.02580769798277405	-0.41183216816328794	0.0012635501878182106	0.00969567775687768	0.010631226307831533	0.004217243730246653
outer	mos1	0.9350000023841858	0.014999985694885254	0.01887003623630949	0.006528743729684869	0.02195398935021377	-0.4723654720711697	0.0009643464449939832	0.007605216330824847	0.010707047986264326	0.002677378588130533
outer	mos1	0.9625000059604645	0.012500017881393433	0.017976153297008628	0.0070356887869916195	0.015897961795113196	0.29537854285678866	0.0004363882277033969	0.003968306528774814	0.010765256459393724	0.0007280105792412272
outer	mos1	0.9925000071525574	0.017499983310699463	0.008060782450655442	0.0050261103514256805	0.014420024057765797	-1.2652411432444028	0.00021038028729847424	0.0032777407155848413	0.01079431028421675	0.00013759277066566217
outer	mos1	1.0274999737739563	0.017499983310699463	0.007692209558766486	0.005026312426426398	0.01441249090806199	-1.3370202206219564	0.00015654805035673482	0.0033245627393978265	0.010788963609301145	0.00014241650900628062
outer	mos1	1.074999988079071	0.030000030994415283	0.01188876715984421	0.004062348941449425	0.013330058299623696	-0.3547925499637755	0.00011772666525778853	0.0021504391617508797	0.010743034171546007	0.00031885830106900896
outer	mos2	0.35249999165534973	0.002499997615814209	0.20130868965243087	0.038810584426384194	0.21886536435633305	-0.45236821252211834	0.09360387606124206	0.012943208805762774	0.01087836918443986	0.10143991030488753
outer	mos2	0.35750000178813934	0.002500012516975403	0.19367322504749931	0.03833380301268503	0.22736821904966092	-0.8789890737167821	0.09632881662436986	0.013242126595558153	0.01101939684241675	0.1067778789873162
outer	mos2	0.36250001192092896	0.002499997615814209	0.18328469926141924	0.037364438266267785	0.23303042237738067	-1.331365475414395	0.09784969217197696	0.013516470235927752	0.011153238459736616	0.11051102150973934
outer	mos2	0.3675000071525574	0.002499997615814209	0.15333501598678528	0.034820482345874766	0.23504976201117586	-2.3467436554356476	0.09784014857968516	0.013754233994738737	0.011279729202909188	0.11217565023384234
outer	mos2	0.3725000023841858	0.002499997615814209	0.26939856451042976	0.04370621880447438	0.23532106273873757	0.7796945767407255	0.09714377818989955	0.013973215249144183	0.0114002595818049	0.1128038097178894
outer	mos2	0.3774999976158142	0.002499997615814209	0.21729082017689547	0.0397453493857773	0.23124799153742015	-0.3511648929049092	0.0947456426394186	0.014127684320176385	0.01151694134216009	0.11085772323566534
outer	mos2	0.3824999928474426	0.002499997615814209	0.13877921208639304	0.03319964551316011	0.2239536015125349	-2.565521050288905	0.09116083827984708	0.014223357054880318	0.01163365883105568	0.10693574734675142
outer	mos2	0.38749998807907104	0.002499997615814209	0.17732822759934622	0.03636709492171004	0.21499662706308767	-1.0357824716225705	0.08710653934809459	0.014278152484208243	0.01175157357922419	0.1018603616515609
outer	mos2	0.39249999821186066	0.002500012516975403	0.21887728941026255	0.039744108534516064	0.20593349789591953	0.32567824494294273	0.08327449036562398	0.01428995905468202	0.011872025004841684	0.09649702347077309
outer	mos2	0.39750000834465027	0.002499997615814209	0.12625690223779631	0.032074113029282814	0.1979663689029064	-2.2357427810908206	0.08014012526960099	0.014275435486490767	0.011996473228808688	0.09155433491800538
outer	mos2	0.4025000035762787	0.002499997615814209	0.1747073059749459	0.036367723028278065	0.19150726889797928	-0.46194706525812473	0.0778893871573508	0.014244243071684108	0.012127509722531795	0.08724612894641266
outer	mos2	0.4074999988079071	0.002499997615814209	0.13980004376830163	0.03320022868823308	0.1870475533071829	-1.423107954543303	0.0765662195035459	0.014215668087104196	0.012267772803414062	0.08399789291311896
outer	mos2	0.4124999940395355	0.002499997615814209	0.17227879808983076	0.035859017270165355	0.18436017521608833	-0.33691322423130793	0.07586034310563537	0.014192609266493824	0.012418253480016643	0.08188896936394238
outer	mos2	0.41749998927116394	0.002499997615814209	0.22518544161031084	0.04020406257809104	0.18318293753536455	1.0447328300059733	0.07551995422559894	0.014217209945725876	0.012581953042729539	0.08086382032131023
outer	mos2	0.42249999940395355	0.002500012516975403	0.15905349085883577	0.034819692452006924	0.182928074339152	-0.6856632497034063	0.07523677604779141	0.014290269914802983	0.012760804893105578	0.08064022348345115
outer	mos2	0.42750000953674316	0.002499997615814209	0.16715568583608925	0.035343387032955254	0.18240253899154293	-0.4313919642516732	0.07435456395954594	0.014402176478634876	0.01295378519461435	0.08069201335874758
outer	mos2	0.4325000047683716	0.002499997615814209	0.14914568470559997	0.03374798159101715	0.1812019749019952	-0.9498728126877901	0.072699420372228	0.014547071627892014	0.013159658867448427	0.08079582403442652
outer	mos2	0.4375	0.002499997615814209	0.1756360587894131	0.035858480246281986	0.1792347183834008	-0.10035728143723621	0.07028984102884607	0.014713004929998857	0.013375404195888124	0.0808564682286674
outer	mos2	0.4424999952316284	0.002499997615814209	0.11383741244262761	0.030307138141444253	0.1764992375423074	-2.067559952616948	0.067064597641222	0.014894571166256915	0.01359741155167061	0.08094265718315756
outer	mos2	0.44749999046325684	0.002499997615814209	0.14437232997263102	0.033199324588294596	0.1730869464392266	-0.864915681950944	0.06317407417560161	0.015087574029256628	0.013822213645666189	0.08100308458870138
outer	mos2	0.45250000059604645	0.002500012516975403	0.1867613809719436	0.036868298030035454	0.16959960119345524	0.4654887991983575	0.058993430412503434	0.015288767467564666	0.014046118218098518	0.08127128509528858
outer	mos2	0.45750001072883606	0.002499997615814209	0.15804079689863168	0.03428770765465087	0.16664632454562434	-0.2509799644137301	0.05487841763385451	0.015505313155087413	0.014265855586552488	0.08199673817012948
outer	mos2	0.4625000059604645	0.002499997615814209	0.1832911029386177	0.036366553191422346	0.16479233349065303	0.5086753575625612	0.051143900633690675	0.015739554980749866	0.014477895463905677	0.08343098241230708
outer	mos2	0.4675000011920929	0.002499997615814209	0.1885935094846765	0.03686787797487803	0.16417086562190514	0.6624369289551488	0.047926880863594944	0.015987574198297758	0.01467870464318319	0.08557770591682902
outer	mos2	0.4724999964237213	0.002499997615814209	0.17026031337890551	0.03534241637545499	0.16481175300998435	0.15416490799721158	0.0452985398067204	0.016242015052179842	0.01486361845005922	0.08840757970102497
outer	mos2	0.47749999165534973	0.002499997615814209	0.16058038662106938	0.034287744789984136	0.16654472196871273	-0.17394947915575948	0.04325987812274145	0.01649090274933278	0.01502741351422197	0.09176652758241663
outer	mos2	0.48250000178813934	0.002500012516975403	0.18448511847518675	0.03636590779142453	0.16878817998478882	0.43163884648300854	0.0417196598534009	0.01667116389325552	0.015163583561366142	0.09523377267676635
outer	mos2	0.48750001192092896	0.002499997615814209	0.1697869383025402	0.035342152545582685	0.1712678006084824	-0.041900738899031106	0.04056718346765359	0.016823794328759346	0.015264370828874413	0.0986124519831948
outer	mos2	0.4925000071525574	0.002499997615814209	0.16461608744441347	0.03481979895379076	0.17363962723521043	-0.25914968098385815	0.03973281042592152	0.01695529970568673	0.015321000048455196	0.10163051705514714
outer	mos2	0.4975000023841858	0.002499997615814209	0.18232612715768748	0.03636766537898182	0.17562951419868172	0.18413645443614227	0.03918318612055136	0.01704953323213416	0.01532478990350272	0.10407200494249325
outer	mos2	0.5024999976158142	0.002499997615814209	0.18107549420238137	0.036367962775456814	0.17734863729463562	0.1024763727007782	0.038993923901856645	0.017114925431900924	0.015267023520545342	0.10597276444033264
outer	mos2	0.5074999928474426	0.002499997615814209	0.1473618271439393	0.033201337851884	0.17937160634599938	-0.9641111254269441	0.03927928831136668	0.017180154472444333	0.015141838925819898	0.10777032463636856
outer	mos2	0.512499988079071	0.002499997615814209	0.18264931057398506	0.03636801582944927	0.18175519763971462	0.02458514477290858	0.04016549929048929	0.017249838136890707	0.014946991704852287	0.10939286850748252
outer	mos2	0.5174999833106995	0.002499997615814209	0.14130574304652946	0.03264292706315846	0.18555710168490966	-1.3556185863100272	0.041875830031536526	0.017379886667793883	0.014684201594519426	0.11161718339106003
outer	mos2	0.5224999785423279	0.002499997615814209	0.1664025457774995	0.0348199738353106	0.1918924414639392	-0.732048099949766	0.04461812148257613	0.017629098166131757	0.014361528148329427	0.11528369366690193
outer	mos2	0.5274999737739563	0.002499997615814209	0.16194228057795176	0.034288125881253705	0.2016676686637172	-1.1585756603712314	0.0485335242427864	0.018052795819833448	0.013992870409157997	0.1210884781919393
outer	mos2	0.5324999988079071	0.0025000274181365967	0.22102048601322666	0.039279343719154314	0.2152651228806676	0.14652391276467522	0.05361137737980775	0.01868535337742889	0.013595959011532247	0.1293724331118983
outer	mos2	0.5375000238418579	0.002499997615814209	0.20851279182368676	0.038333837267784554	0.23238154600033292	-0.6226549669397503	0.05969133362596085	0.019524854006366867	0.013193110860588032	0.13997224750741685
outer	mos2	0.5425000190734863	0.002499997615814209	0.21068074575817267	0.038334182056339684	0.25189305843115967	-1.0750800059439727	0.06639976393805118	0.02052705402527334	0.012805694055917539	0.15216054641191737
outer	mos2	0.5475000143051147	0.002499997615814209	0.22231227116536617	0.03927983030623502	0.2719995712350568	-1.2649570958508851	0.07319624615410586	0.021610036985350033	0.012458286670673835	0.16473500142492684
outer	mos2	0.5525000095367432	0.002499997615814209	0.31974563860443345	0.046157571409931694	0.29035309110767366	0.6367871315351616	0.07938996799738596	0.02264453415905831	0.012170986406534995	0.17614760254469436
outer	mos2	0.5575000047683716	0.002499997615814209	0.23599796097769474	0.04020379015140976	0.3047730414913609	-1.7106616131129755	0.0843522989273725	0.023532983870627546	0.011956250182078102	0.18493150851128168
outer	mos2	0.5625	0.002499997615814209	0.2829953194989956	0.04370503742844642	0.3131212420766254	-0.6893009215917445	0.08742261481804492	0.024163131130994116	0.011817555471424946	0.18971794065616152
outer	mos2	0.5674999952316284	0.002499997615814209	0.35619963737265153	0.04848610776217111	0.31418432700443627	0.8665432699672303	0.08818998641340767	0.02446874900784191	0.011752089873995846	0.1897735017091917
outer	mos2	0.5724999904632568	0.002499997615814209	0.33390521208842827	0.046946704813564694	0.30652696412778613	0.5831772020926062	0.0862256661272418	0.02438301068348876	0.011751540901405937	0.1841667464156496
outer	mos2	0.5774999856948853	0.002499997615814209	0.22224566251941708	0.03927929939113145	0.2907033627638031	-1.7428442285261971	0.08164825458219413	0.023941664566235164	0.011803210853661079	0.17331023276171265
outer	mos2	0.5824999809265137	0.002499997615814209	0.24925435878931754	0.04110745988961008	0.267905302865657	-0.45371190840846615	0.07460576014558602	0.0231862708200886	0.011894104930276842	0.15821916696970584
outer	mos2	0.5874999761581421	0.002499997615814209	0.26914548633277546	0.04242576480639537	0.24085349863707306	0.6668586370760626	0.06583266291013684	0.022289615006678233	0.012011901350441332	0.14071931936981774
outer	mos2	0.5925000011920929	0.0025000274181365967	0.24332657425950738	0.040656399676636305	0.21258596408913955	0.7561075357106276	0.05618594053189804	0.021460334890277665	0.012145131302547222	0.12279455736441698
outer	mos2	0.5975000262260437	0.002499997615814209	0.14551036397394979	0.03264098705798593	0.18599011502134452	-1.2401509481157365	0.046511435869621934	0.020911555497892344	0.0122865709258094	0.10628055272802056
outer	mos2	0.6025000214576721	0.002499997615814209	0.17266411971497195	0.03481863078762354	0.16338989463447304	0.2663581212330578	0.03751247101487085	0.020840065806651646	0.012430881047445793	0.09260647676550486
outer	mos2	0.6075000166893005	0.002499997615814209	0.19030055759690864	0.03636559811934976	0.1463480873245444	1.208627729100311	0.02968707377722718	0.021384907876926804	0.012574579228170745	0.08270152644221915
outer	mos2	0.612500011920929	0.002499997615814209	0.166395003540366	0.034286540336887814	0.13556047111108863	0.8993188617547234	0.023301902205140522	0.0226108250216991	0.012716889565206831	0.07693085431904202
outer	mos2	0.6175000071525574	0.002499997615814209	0.1361007440595879	0.03149473521741068	0.13090927609804884	0.1648360567473248	0.01841606769224762	0.024497723850933104	0.012858033676558307	0.07513745087830977
outer	mos2	0.6225000023841858	0.002499997615814209	0.15431276444515998	0.03319801260734565	0.1315925169364472	0.6843857726497017	0.01492336557879125	0.02693637201195065	0.012997929287365513	0.07673485005833967
outer	mos2	0.6274999976158142	0.002499997615814209	0.14284053917751488	0.032072494552334	0.13630845328729765	0.20366628730916317	0.012611241437025843	0.0297367751223628	0.013137568915037368	0.08082286781287146
outer	mos2	0.6324999928474426	0.002499997615814209	0.16161638657987973	0.03374640106577272	0.1435100724329425	0.5365405961852788	0.011245264628803693	0.03265126983249943	0.013277888205450263	0.0863356497661893
outer	mos2	0.637499988079071	0.002499997615814209	0.1977324497783265	0.036866884478811396	0.15149259527707581	1.2542381911285787	0.010561827425654514	0.035394542174609876	0.013418513253772102	0.09211771242303972
outer	mos2	0.6424999833106995	0.002499997615814209	0.2459906796251112	0.040656911699147036	0.15869109748435986	2.1472261047949406	0.010329900249762167	0.03769187024593135	0.013559753114781603	0.09710957387388434
outer	mos2	0.6474999785423279	0.002499997615814209	0.1479367045495438	0.0326401557793343	0.1638184069982489	-0.4865694439718451	0.01035920494645188	0.03931290534190194	0.013701652985032137	0.10044464372486299
outer	mos2	0.6524999737739563	0.002499997615814209	0.20387985273997225	0.03736243255026672	0.1659168545647328	1.016074050429258	0.010488421494899917	0.04009626261356288	0.013842886858527787	0.10148928359774205
outer	mos2	0.6574999988079071	0.0025000274181365967	0.20992234063068474	0.0378497145176221	0.1644988563353176	1.2001011070828245	0.010620509393655851	0.039993720142334356	0.013982831216588804	0.0999017955827384
outer	mos2	0.6625000238418579	0.002499997615814209	0.20825936109701698	0.03785034756280311	0.159013584164573	1.3010653825762901	0.010677739247314614	0.038911643256722805	0.01412145190301304	0.09530274975752259
outer	mos2	0.6675000190734863	0.002499997615814209	0.14818354954501542	0.03264080448893557	0.15006675299174535	-0.05769476200772841	0.010614125776393337	0.03706517579773399	0.014256547094141394	0.08813090432347727
outer	mos2	0.675000011920929	0.004999995231628418	0.11350271627815384	0.0205552670111237	0.13227351733827275	-0.9131869243031917	0.010234394481854278	0.03356001110155719	0.014451221147041692	0.07402789060781904
outer	mos2	0.6850000023841858	0.004999995231628418	0.10728628450826029	0.0201035492582502	0.10695612898101108	0.016422748192771192	0.009285076883652052	0.029333482118513377	0.014693777498481908	0.05364379248036342
outer	mos2	0.6949999928474426	0.004999995231628418	0.06581220738093482	0.016601963167097736	0.08632404480336961	-1.2355067419427694	0.008063456207109751	0.027352709018795943	0.014914201079855577	0.03599367849760823
outer	mos2	0.7049999833106995	0.004999995231628418	0.04956320592102345	0.01515646802318552	0.07357356963547287	-1.5841661578225024	0.006846769780856941	0.028058054597914994	0.015113304518197146	0.023555440738503727
outer	mos2	0.7150000035762787	0.005000025033950806	0.08206065036688355	0.01818558015728987	0.06746802419299132	0.8024284101842434	0.005767859781041956	0.03033896333359246	0.01529551219570824	0.016065688882648733
outer	mos2	0.7250000238418579	0.004999995231628418	0.05658253773123866	0.015750781560267386	0.06493661089485746	-0.5303910241948004	0.004861248234412512	0.03244610463375421	0.015466722767908857	0.012162535258782109
outer	mos2	0.737500011920929	0.007499992847442627	0.043353596841502424	0.011784199201040959	0.06269876480940494	-1.6416192256995836	0.003940174542115217	0.03263150751997849	0.015670197608118403	0.010456885139192832
outer	mos2	0.75	0.004999995231628418	0.07243793194170962	0.017146199327596198	0.05962237779948036	0.7474282724337098	0.0031993806961799643	0.029953471327558812	0.015866650861142223	0.0106028749145992
outer	mos2	0.7599999904632568	0.004999995231628418	0.0678531381941338	0.0166014199926937	0.05704186694646272	0.651225693490625	0.0027415470618730093	0.026886813753742914	0.016018873618406513	0.011394632512440373
outer	mos2	0.7699999809265137	0.004999995231628418	0.07531100413528928	0.017411282710333327	0.055346870900544236	1.1466204740272605	0.0023908405697867672	0.024564413024918005	0.016166962481709898	0.012224654824129466
outer	mos2	0.7824999988079071	0.007500022649765015	0.045236128046148835	0.011783170880101945	0.05490770671743035	-0.8207959274878852	0.0020683113023072406	0.023790802870400717	0.01634401853032853	0.0127045740143938
outer	mos2	0.7950000166893005	0.004999995231628418	0.05583773386750364	0.01545531937083543	0.05564541717818313	0.01244339794643226	0.0018241486669667837	0.02479502427034513	0.01651124224784952	0.012515001993021461
outer	mos2	0.8075000047683716	0.007499992847442627	0.04583687793608402	0.011783302391250194	0.05669328646595469	-0.9213383624892966	0.0016388008597254455	0.026329660042564724	0.016664025670086104	0.012060799893578417
outer	mos2	0.8224999904632568	0.007499992847442627	0.03021803520492022	0.01030521011791192	0.05626514167068446	-2.527566751937514	0.0014694414922902961	0.02649915856050684	0.016827374304243223	0.011469167313644123
outer	mos2	0.8375000059604645	0.007500022649765015	0.044764480503947414	0.01160860359286961	0.052288663372419386	-0.6481557241814662	0.0013623464282571205	0.02356801078731709	0.016966104040661383	0.010392202116183708
outer	mos2	0.8525000214576721	0.007499992847442627	0.027351414369348438	0.01010563597946997	0.04602560490163979	-1.8478985954202944	0.0013358035620056209	0.018848402037461444	0.01707986898997064	0.008761530312202047
outer	mos2	0.8650000095367432	0.004999995231628418	0.08113019191036593	0.017673167101903746	0.04174083455506806	2.228766192736041	0.0014098764104301244	0.01564856674315241	0.01715784400964257	0.007524547391842985
outer	mos2	0.8774999976158142	0.007499992847442627	0.05069967464324363	0.01212468269627037	0.04022312241030644	0.8640681571122554	0.0016048051879420512	0.014467046077703865	0.01722367600832658	0.006927595136333807
outer	mos2	0.8924999833106995	0.007499992847442627	0.07065511830080162	0.013554374486894501	0.04114699991059795	2.1770180851012033	0.0018886945781390115	0.015028518100852348	0.017294151040571693	0.006935636191034688
outer	mos2	0.9074999988079071	0.007500022649765015	0.06124448153381637	0.01293854518112999	0.04225024407637953	1.4680350218306366	0.002057284475257195	0.015876999483655164	0.017359717079632162	0.006956243037834845
outer	mos2	0.9200000166893005	0.004999995231628418	0.06119273740345757	0.01574946299127167	0.04109004053136828	1.276405226211851	0.0019885266854297277	0.015378675070858766	0.01741231180655438	0.006310526968525396
outer	mos2	0.9325000047683716	0.007499992847442627	0.037929276726758804	0.01088309472400395	0.037261006534625246	0.061404426689368866	0.0016888543639565668	0.013235747477892667	0.017462340031488364	0.004874064661287466
outer	mos2	0.9474999904632568	0.007499992847442627	0.03076908761777119	0.010305608452445303	0.03127975182562525	-0.049552067712497996	0.0011940275594888494	0.009685745632251892	0.01751784560390877	0.002882133029975939
outer	mos2	0.9650000035762787	0.010000020265579224	0.018743566900514447	0.007730274036470139	0.02599021057046828	-0.9374368406301485	0.0007054405255326635	0.006502280644238104	0.017571551075953054	0.0012109383247444084
outer	mos2	0.9850000143051147	0.009999990463256836	0.034076500318773816	0.009094349041800526	0.023737532613737764	1.1368562672836573	0.000408046820058184	0.005341221624612401	0.01761649690016055	0.00037176726890658136
outer	mos2	1.0049999952316284	0.009999990463256836	0.023574736653675155	0.008163902653048257	0.023759250314464856	-0.022601158861296235	0.00030040144612335034	0.005624174878740438	0.01764532597772469	0.00018934801187646524
outer	mos2	1.024999976158142	0.009999990463256836	0.03907210650242347	0.009465282363745204	0.02370741745307919	1.6232679025187382	0.0002618568354287953	0.00555518593761455	0.017661312730093755	0.00022906194994207142
outer	mos2	1.0449999570846558	0.009999990463256836	0.028191057891636465	0.008574660855158235	0.022912392381890734	0.6156121622664829	0.0002374244105818856	0.00466060982288161	0.017665256926212694	0.00034910122221456266
outer	mos2	1.0625	0.007500052452087402	0.04194983758540531	0.011251990027636613	0.022150246236269103	1.7596524081967166	0.00021388139372538795	0.0038089422678707257	0.017659197936363377	0.00046822463830964873
outer	mos2	1.0875000357627869	0.017499983310699463	0.011736789153709262	0.005270506116744961	0.02163942168063097	-1.8788769631553954	0.0001754292470853413	0.003236574389998203	0.017633673311593434	0.000593744731954007
