radius_arcmin	energy_flux_erg_cm2_s_arcmin2	count_rate_ct_s_arcmin2	tau
0.01	3.8257660692338806e-13	0.03227597717600425	36.04422704826181
0.03	3.82573447538707e-13	0.03227571063532714	11.704306904240484
0.049999999999999996	3.822597263010493e-13	0.03224924362369332	7.096159074464465
0.06999999999999999	3.7993781238958633e-13	0.03205335595295021	4.976606715858346
0.08999999999999998	3.7418367774097053e-13	0.0315679098613036	3.819539325382484
0.10999999999999997	3.6641862556974097e-13	0.030912813229377868	3.16451478369603
0.12999999999999998	3.5568519342230574e-13	0.030007289983205673	2.6551218778024417
0.15	3.433797923230528e-13	0.028969147980182994	2.2783334294524886
0.16999999999999998	3.313678077009932e-13	0.02795575998289296	2.0110175356599327
0.18999999999999997	3.1911292262706395e-13	0.026921879751371374	1.7964610712958993
0.20999999999999996	3.0602895559919214e-13	0.025818054233760077	1.6090154727097568
0.22999999999999998	2.919402364069116e-13	0.024629463057875035	1.4400733396791574
0.24999999999999997	2.832141426980282e-13	0.02389328840347439	1.3481544938940904
0.26999999999999996	2.706755584807941e-13	0.022835473966597714	1.2293139280174252
0.29	2.6162188421427874e-13	0.022071663062593474	1.151512629669027
0.30999999999999994	2.5057259585028387e-13	0.021139492687840784	1.0640966037094366
0.32999999999999996	2.426576998865208e-13	0.02047175452284623	1.0058658934148965
0.35	2.318585304817039e-13	0.019560685369840042	0.9315178644672649
0.36999999999999994	2.2568467765394778e-13	0.019039829861817383	0.8913716930262474
0.38999999999999996	2.1427822832668864e-13	0.01807752769413783	0.8211904456077768
0.4099999999999999	2.0967283792106326e-13	0.017688995115489287	0.7941937215589006
0.42999999999999994	2.0372679049263058e-13	0.017187358351467372	0.7603824734336854
0.44999999999999996	1.941403223419792e-13	0.016378598428279295	0.7081689758334604
0.4699999999999999	1.9017157118678675e-13	0.01604377575646893	0.6873262015953396
0.48999999999999994	1.8522368172979777e-13	0.015626348333325026	0.6619352883883064
0.5099999999999999	1.7617693599613717e-13	0.014863121953215444	0.6171144734901683
0.5299999999999999	1.7302900950484734e-13	0.014597547943341506	0.6019780038791152
0.5499999999999999	1.6931732303146663e-13	0.01428441246738359	0.5844201920780949
0.57	1.645293794225145e-13	0.013880478834626269	0.5622172335132747
0.59	1.576197495002937e-13	0.01329754968101784	0.5310202737187995
0.6099999999999999	1.5494984946425432e-13	0.013072304250257155	0.5192216538807576
0.6299999999999999	1.518535352280618e-13	0.012811084495027585	0.5057107452236657
0.6499999999999999	1.4799749609118702e-13	0.012485770743691836	0.4891360221326289
0.6699999999999999	1.4154730289619116e-13	0.011941601851566673	0.4620103931789767
0.69	1.394552901010933e-13	0.011765109729454227	0.45336834781067137
0.7099999999999999	1.371045272681801e-13	0.011566788226862986	0.4437457004766153
0.7299999999999999	1.3437071521542753e-13	0.011336150875228474	0.4326703025192235
0.7499999999999999	1.3088443581299774e-13	0.011042031808914181	0.41872211514495405
0.7699999999999999	1.2587783621263563e-13	0.010619651319604653	0.3990256137026649
0.7899999999999999	1.2418017498524174e-13	0.010476428566209998	0.39243394922738656
0.8099999999999998	1.2230205582714864e-13	0.0103179815258436	0.3851918731209544
0.8299999999999998	1.2017244434524625e-13	0.010138317400176339	0.3770429923237082
0.8499999999999999	1.1762474822526037e-13	0.009923381671404701	0.3673807685585901
0.8699999999999999	1.137579642305431e-13	0.009597161432896953	0.35289195125144107
0.8899999999999999	1.1118353295275583e-13	0.009379970199404486	0.3433606853130331
0.9099999999999999	1.0978797114451533e-13	0.009262233985910664	0.3382316453520692
0.9299999999999998	1.0825837874144686e-13	0.00913319031571074	0.3326400635637559
0.9499999999999998	1.0654636688989433e-13	0.008988756875594984	0.32641848769753856
0.9699999999999999	1.04547944871131e-13	0.008820160515288653	0.3192047034680873
0.9899999999999999	1.018896991872372e-13	0.00859589830095324	0.30968907195297335
1.0099999999999998	9.884683258600402e-14	0.00833918764171867	0.29890662636475884
1.0299999999999998	9.778100974265543e-14	0.008249269771302532	0.29515719267058194
1.0499999999999998	9.663399238806567e-14	0.008152501946800828	0.2911377705422307
1.0699999999999998	9.53851248697434e-14	0.008047141559396653	0.28677973460493433
1.0899999999999999	9.399922106307766e-14	0.007930220140724972	0.2819656275543568
1.1099999999999999	9.240407738344098e-14	0.007795646253914608	0.276453237223343
1.13	9.037697455506704e-14	0.007624630244472313	0.26949167158663506
1.15	8.750157955699279e-14	0.007382048284022166	0.2596992586925996
1.17	8.668117878205348e-14	0.0073128353833692514	0.25692280415308116
1.1899999999999997	8.580936865545322e-14	0.007239285345968261	0.25398079074532803
1.2099999999999997	8.487611650961571e-14	0.007160551768396069	0.25084099738901877
1.2299999999999998	8.386633047719742e-14	0.007075361429140676	0.24745478421710684
1.2499999999999998	8.275492922948767e-14	0.006981598348347694	0.24374102251267415
1.2699999999999998	8.149288349972799e-14	0.006875126184520505	0.23954053577033757
1.2899999999999998	7.994762266566465e-14	0.006744760651164229	0.2344213319204777
1.3099999999999998	7.727554449149396e-14	0.006519331462339564	0.22563053305646602
1.3299999999999998	7.664531410529834e-14	0.006466162237686611	0.22356836928479604
1.3499999999999999	7.598223664573957e-14	0.006410221878126342	0.2214033082644249
1.3699999999999999	7.528126111122356e-14	0.0063510842572066534	0.21911958915072172
1.39	7.453541390273788e-14	0.006288161049038071	0.216695395147351
1.4099999999999997	7.373448133688549e-14	0.006220590578844249	0.21409868685019348
1.4299999999999997	7.286219113033368e-14	0.006147000039621457	0.21127827925143103
1.4499999999999997	7.18890193480415e-14	0.006064898652173365	0.20814104702074926
1.4699999999999998	7.074738159875631e-14	0.005968584676691396	0.20447322952413663
1.4899999999999998	6.914820092868934e-14	0.0058336702102203064	0.1993579487918809
1.5099999999999998	6.769096132417585e-14	0.005710730565286226	0.19471936968101441
1.5299999999999998	6.719018525394004e-14	0.005668482720748108	0.19313029029253753
1.5499999999999998	6.666612998514658e-14	0.005624270932603074	0.19147004013028873
1.5699999999999998	6.611555025622862e-14	0.0055778214151926036	0.1897287224435149
1.5899999999999999	6.553410395428333e-14	0.005528767847276946	0.18789306909517267
1.6099999999999997	6.491570307554692e-14	0.00547659661598231	0.18594443901764326
1.6299999999999997	6.425125043742109e-14	0.005420540239835454	0.18385491941219712
1.6499999999999997	6.352584506051873e-14	0.005359341601537792	0.18157869452950964
1.6699999999999997	6.271127143954713e-14	0.005290620307232625	0.17902883214318455
1.6899999999999997	6.173739410264581e-14	0.005208459395851158	0.1759888097506334
1.7099999999999997	6.01319594504782e-14	0.00507301731378652	0.17099742698977838
1.7299999999999998	5.939990780159717e-14	0.005011257964460512	0.168729683004959
1.7499999999999998	5.901090609879451e-14	0.0049784399357209776	0.16752672569229332
1.7699999999999998	5.860628789029589e-14	0.0049443044244895954	0.16627700907807832
1.7899999999999998	5.818419824421568e-14	0.004908694939914287	0.1649749918964354
1.8099999999999998	5.774225941446848e-14	0.004871410884057293	0.16361356033559524
1.8299999999999996	5.727732067722766e-14	0.004832186446912264	0.16218327341499203
1.8499999999999996	5.6785024571372474e-14	0.004790654012390987	0.16067105377434288
1.8699999999999997	5.6258989909619515e-14	0.004746275233267345	0.1590577203744662
1.8899999999999997	5.5689088578106245e-14	0.004698195653816789	0.15731278162470116
1.9099999999999997	5.505715299823339e-14	0.004644882570937246	0.1553814581422891
1.9299999999999997	5.432286018127535e-14	0.004582934146042078	0.15314198533950105
1.9499999999999997	5.333554780320532e-14	0.0044996397908632834	0.1501387277886879
1.9699999999999998	5.223880463906684e-14	0.004407113335525775	0.14681313857076542
1.9899999999999998	5.1943002703295075e-14	0.0043821580811928855	0.14591808637150666
2.01	5.163726901067274e-14	0.004356364936744328	0.14499382331624497
2.0299999999999994	5.132065679483853e-14	0.004329654028479214	0.14403757296026024
2.0499999999999994	5.09920089774275e-14	0.004301927739778488	0.143045938259285
2.0699999999999994	5.064988109436268e-14	0.004273064208801315	0.14201467352836947
2.0899999999999994	5.0292422492138725e-14	0.004242907305640069	0.14093833277210635
2.1099999999999994	4.9917184008775124e-14	0.004211250407373346	0.13980970015108363
2.1299999999999994	4.952078690182364e-14	0.0041778084672623485	0.13861880912671296
2.1499999999999995	4.9098305558475286e-14	0.004142165937247622	0.13735111288620025
2.1699999999999995	4.8641984691019047e-14	0.004103668544473418	0.1359836807540749
2.1899999999999995	4.8138117775573915e-14	0.004061159941573117	0.13447593903820185
2.2099999999999995	4.755721313203143e-14	0.004012152070529484	0.13274049068769903
2.2299999999999995	4.6799881799804384e-14	0.003948260007211228	0.1304824822328211
2.2499999999999996	4.5816583999800176e-14	0.0038653043408797875	0.1275583342111359
2.2699999999999996	4.558937395064402e-14	0.003846135823442987	0.12688386747073446
2.2899999999999996	4.5355648402797695e-14	0.003826417627632735	0.12619053398663213
2.3099999999999996	4.5114888561801184e-14	0.003806105985487668	0.12547683594912315
2.3299999999999996	4.486648064163512e-14	0.0037851491151079165	0.12474099978135236
2.3499999999999996	4.460968771973844e-14	0.0037634848462108996	0.1239808942369175
2.369999999999999	4.4343609553532234e-14	0.00374103723006268	0.12319391342423947
2.3899999999999992	4.406712332317396e-14	0.0037177115402556448	0.12237680424750993
2.4099999999999993	4.3778792796742036e-14	0.0036933866094526337	0.1215254018048762
2.4299999999999993	4.347672235229972e-14	0.003667902513995856	0.12063420401790781
2.4499999999999993	4.3158308099998524e-14	0.003641039577387069	0.1196956461915508
2.4699999999999993	4.2819779939685275e-14	0.0036124797360952226	0.1186987657832882
2.4899999999999993	4.245526768935704e-14	0.0035817277537234307	0.11762647870784818
2.5099999999999993	4.2054593483532615e-14	0.0035479249772646165	0.11644913891445254
2.5299999999999994	4.15966636425325e-14	0.0035092918438506576	0.11510525455607734
2.5499999999999994	4.1017633172498076e-14	0.0034604420869736394	0.11340855831065041
2.5699999999999994	4.0127929288897375e-14	0.003385382447359425	0.11080711260004751
2.5899999999999994	3.9953780049828914e-14	0.0033706903915366867	0.1102987007286627
2.6099999999999994	3.9775360309404075e-14	0.0033556380559639216	0.10977808947103102
2.6299999999999994	3.959238484311393e-14	0.0033402013777486953	0.10924446640963709
2.6499999999999995	3.9404525022262015e-14	0.003324352632215441	0.10869689488852513
2.6699999999999995	3.9211398281676057e-14	0.003308059544351664	0.10813428380143479
2.6899999999999995	3.901255396031281e-14	0.0032912840942542054	0.10755534696461244
2.7099999999999995	3.88074538430447e-14	0.0032739808755420717	0.10695854727109466
2.7299999999999995	3.8595444732821054e-14	0.003256094781413861	0.10634201795156778
2.7499999999999996	3.8375718622227346e-14	0.003237557644531587	0.10570344820711366
2.7699999999999996	3.8147252779121417e-14	0.003218283182360772	0.10503991112318588
2.789999999999999	3.7908715687132215e-14	0.0031981590618647806	0.1043475934478043
2.809999999999999	3.765831139005825e-14	0.0031770337676599756	0.10362134830866385
2.829999999999999	3.7393504073197204e-14	0.003154693366390335	0.10285390361002009
2.849999999999999	3.7110485804860904e-14	0.003130816602877076	0.1020343318958817
2.869999999999999	3.6803013937933066e-14	0.003104876817799695	0.10114470741125561
2.8899999999999992	3.6459357493649274e-14	0.003075884330147904	0.10015132391352204
2.9099999999999993	3.6051222229713035e-14	0.0030414521034379046	0.098972836505831
2.9299999999999993	3.5433277133512e-14	0.002989319324119794	0.09719116393861434
2.9499999999999993	3.501240779239474e-14	0.0029538127902592414	0.09597951910942906
2.9699999999999993	3.4876816251781206e-14	0.0029423736447628784	0.09558947577532503
2.9899999999999993	3.473830639257944e-14	0.002930688296068406	0.09519119460917559
3.0099999999999993	3.459670627061129e-14	0.0029187422381494006	0.0947841913899957
3.0299999999999994	3.445182104719397e-14	0.0029065190334904337	0.09436791714759125
3.0499999999999994	3.430342817748933e-14	0.0028939999071533966	0.09394174452937824
3.0699999999999994	3.4151271179607684e-14	0.002881163221109546	0.09350495014231898
3.0899999999999994	3.39950514311928e-14	0.0028679837821604997	0.09305669130013247
3.1099999999999994	3.3834417164562386e-14	0.0028544319135160963	0.09259597482355836
3.1299999999999994	3.3668948383766596e-14	0.0028404721823259045	0.09212161427061864
3.1499999999999995	3.349813567414651e-14	0.002826061611953071	0.0916321698368684
3.1699999999999995	3.3321349557490754e-14	0.0028111470966299787	0.09112586142532164
3.1899999999999995	3.3137794629124294e-14	0.0027956615322455225	0.0906004385240551
3.209999999999999	3.2946438024708826e-14	0.0027795177814650984	0.09005297721667949
3.229999999999999	3.274589202891329e-14	0.0027625987700412454	0.08947954700510478
3.249999999999999	3.2534208638665684e-14	0.0027447401551951496	0.08887462764839141
3.269999999999999	3.230848847654861e-14	0.002725697331695715	0.08822999883148612
3.289999999999999	3.2064044893508677e-14	0.002705074911599346	0.08753236660570134
3.309999999999999	3.179228263460453e-14	0.0026821477584306574	0.08675733885979488
3.329999999999999	3.147349447243243e-14	0.0026552532770116525	0.08584896476045677
3.349999999999999	3.102704374450475e-14	0.002617588576023571	0.08457820666477071
3.369999999999999	3.059245906583399e-14	0.0025809249512331834	0.08334277266316195
3.3899999999999992	3.0488266570271203e-14	0.002572134778107494	0.0830468017281573
3.4099999999999993	3.038214997216655e-14	0.002563182278565077	0.0827454551687529
3.4299999999999993	3.02740135592811e-14	0.00255405937786748	0.0824384661936073
3.4499999999999993	3.0163750918122626e-14	0.0025447570984677634	0.08212553806876789
3.4699999999999993	3.00512430630803e-14	0.002535265402175433	0.08180633887420856
3.4899999999999993	2.993635611135007e-14	0.0025255729940021113	0.08148049498631531
3.5099999999999993	2.9818938359688344e-14	0.0025156670755426213	0.08114758288232132
3.5299999999999994	2.9698816561543454e-14	0.0025055330308961293	0.08080711870131735
3.5499999999999994	2.957579111733552e-14	0.002495154020895347	0.08045854475565976
3.5699999999999994	2.9449629759678947e-14	0.0024845104503619492	0.08010121181888807
3.5899999999999994	2.9320059110093495e-14	0.0024735792557906678	0.07973435544000283
3.6099999999999994	2.9186753152518876e-14	0.0024623329329203168	0.07935706360392442
3.6299999999999994	2.9049317116131114e-14	0.0024507381770117304	0.078968231505657
3.649999999999999	2.890726430079713e-14	0.0024387539277331933	0.07856649651221845
3.669999999999999	2.8759981636989295e-14	0.0024263284636314776	0.07815014149567791
3.689999999999999	2.8606676434845516e-14	0.0024133949096299748	0.07771694534836382
3.709999999999999	2.84462899516974e-14	0.00239986394517541	0.07726394032127572
3.729999999999999	2.8277348275437457e-14	0.0023856112240514195	0.07678699332392676
3.749999999999999	2.809768384011523e-14	0.002370453880113343	0.07628002388327194
3.769999999999999	2.7903856141942626e-14	0.002354101656142814	0.07573337720628404
3.789999999999999	2.7689741991855313e-14	0.0023360379708671965	0.07512986440244154
3.809999999999999	2.7442100480600968e-14	0.002315145758378426	0.07443230364925833
3.829999999999999	2.7116318669088024e-14	0.002287661259529141	0.07351537648691668
3.849999999999999	2.6686016706107395e-14	0.0022513589449479105	0.07230555998569949
3.869999999999999	2.66056612820268e-14	0.0022445797802351218	0.07207979859707503
3.8899999999999992	2.652402664877069e-14	0.002237692695368813	0.07185049540513684
3.9099999999999993	2.6441058717787227e-14	0.0022306931271822024	0.07161750098121729
3.9299999999999993	2.6356698290378922e-14	0.0022235760813923804	0.07138065173132999
3.9499999999999993	2.6270880309042243e-14	0.002216336069439773	0.07113976781780777
3.9699999999999993	2.6183532957813047e-14	0.002208967032589011	0.07089465066145657
3.9899999999999993	2.609457657224186e-14	0.002201462249969277	0.07064507991478791
4.01	2.600392230682807e-14	0.002193814226152732	0.070390809761322
4.029999999999999	2.5911470489882143e-14	0.0021860145523628907	0.0701315643463001
4.049999999999999	2.581710857046234e-14	0.0021780537332684617	0.06986703207374038
4.069999999999999	2.5720708525504604e-14	0.0021699209682365297	0.06959685840320848
4.089999999999999	2.562212354154138e-14	0.0021616038713866146	0.06932063663029381
4.109999999999999	2.55211837047011e-14	0.0021530881079785845	0.06903789591036932
4.129999999999999	2.5417690308502832e-14	0.002144356914191215	0.06874808543989697
4.1499999999999995	2.5311408192691895e-14	0.0021353904507900217	0.0684505531637263
4.169999999999999	2.5202055206512825e-14	0.0021261649141989924	0.06814451648730557
4.1899999999999995	2.5089287349981724e-14	0.0021166512829478437	0.06782902097133142
4.209999999999999	2.4972677197813e-14	0.002106813497412144	0.0675028803471337
4.2299999999999995	2.4851681461135707e-14	0.002096605723165842	0.06716458632487048
4.249999999999999	2.4725590127459435e-14	0.0020859680601875556	0.06681216716839801
4.27	2.4593442476409766e-14	0.002074819457549664	0.06644295414109774
4.289999999999999	2.4453878977746586e-14	0.0020630452188326633	0.06605316960807599
4.309999999999999	2.430485654108398e-14	0.002050472979240926	0.06563713502567696
4.329999999999999	2.414303145211786e-14	0.00203682064717604	0.06518555447819491
4.349999999999999	2.3962159786488326e-14	0.0020215614555631725	0.06468106478221117
4.369999999999999	2.3747445617006808e-14	0.0020034471498054816	0.06408251132556302
4.389999999999999	2.3430103810585492e-14	0.0019766746898178863	0.06319852084284015
4.409999999999999	2.3179178357239477e-14	0.001955505428398052	0.06250009322419797
4.429999999999999	2.3116952945845267e-14	0.0019502557975487479	0.06232697004558383
4.449999999999999	2.3053863784514732e-14	0.0019449332966579255	0.06215147434013823
4.469999999999999	2.2989879073677127e-14	0.0019395352429629662	0.06197351892837457
4.489999999999999	2.2924964409917816e-14	0.001934058734028631	0.06179300947111968
4.509999999999999	2.285908245739214e-14	0.0019285006200259757	0.0616098435648396
4.529999999999999	2.2792192562525797e-14	0.0019228574712266459	0.061423909680719396
4.549999999999999	2.2724250299433237e-14	0.001917125539652218	0.06123508591285814
4.569999999999999	2.2655206930041164e-14	0.0019113007135276579	0.06104323849144529
4.589999999999999	2.2585008758318692e-14	0.0019053784628011113	0.06084822000414327
4.609999999999999	2.2513596351843304e-14	0.0018993537734715187	0.060649867251885155
4.629999999999999	2.2440903595517126e-14	0.0018932210677556295	0.060447998642097024
4.6499999999999995	2.236685653062211e-14	0.0018869741061451925	0.060242410990302
4.669999999999999	2.2291371916097412e-14	0.0018806058660294906	0.06003287555610612
4.6899999999999995	2.221435542568433e-14	0.0018741083895979366	0.05981913307549382
4.709999999999999	2.213569936086392e-14	0.001867472590892643	0.05960088745838203
4.729999999999999	2.2055279709606622e-14	0.001860688007670589	0.05937779768276907
4.749999999999999	2.197295230544242e-14	0.0018537424773645617	0.05914946720859035
4.769999999999999	2.188854772424745e-14	0.001846621706551869	0.05891542991143755
4.789999999999999	2.180186436936057e-14	0.001839308687581975	0.058675131021201345
4.809999999999999	2.171265888810889e-14	0.001831782890069138	0.058427900702568605
4.829999999999999	2.1620632537583183e-14	0.0018240191106445546	0.05817291646573666
4.849999999999999	2.1525411181387723e-14	0.001815985785387299	0.05790914801387855
4.869999999999999	2.1426514844626754e-14	0.0018076424213385749	0.05763527329488559
4.889999999999999	2.1323309261670424e-14	0.0017989355088414347	0.05734954489127011
4.909999999999999	2.1214924364530358e-14	0.0017897916448335214	0.057049565231507844
4.929999999999999	2.1100107046470962e-14	0.0017801051112869546	0.056731880521942175
4.949999999999999	2.0976928743380537e-14	0.001769713205385814	0.05639117422288255
4.969999999999999	2.0842121406575726e-14	0.0017583402190423463	0.056018435466353704
4.989999999999999	2.068922177389569e-14	0.001745440880804479	0.05559584007184266
5.009999999999999	2.050093888955915e-14	0.0017295564436290108	0.05507569505130976
5.029999999999999	2.0135773292126354e-14	0.0016987493417965586	0.0540676693472314
5.049999999999999	2.0088141186763753e-14	0.0016947308714622335	0.05393625762067356
5.069999999999999	2.0039943404912155e-14	0.0016906646779762118	0.0538033028306179
5.089999999999999	1.999116247420814e-14	0.001686549287287041	0.05366875740649803
5.109999999999999	1.9941779723843967e-14	0.0016823831242368222	0.05353257050612848
5.129999999999999	1.9891775158536985e-14	0.0016781645019286699	0.053394687671248206
5.149999999999999	1.984112731447391e-14	0.0016738916095734898	0.053255050433770094
5.169999999999999	1.9789813093941522e-14	0.0016695624985386393	0.05311359586374079
5.189999999999999	1.9737807574618732e-14	0.0016651750662589004	0.052970256047999036
5.209999999999999	1.968508378856975e-14	0.0016607270375912976	0.05282495748596208
5.229999999999999	1.9631612464784657e-14	0.0016562159430945972	0.05267762038570399
5.249999999999999	1.9577361727572742e-14	0.0016516390935843398	0.05252815783927279
5.269999999999999	1.9522296741111604e-14	0.001646993550145317	0.05237647485071407
5.289999999999999	1.946637928782343e-14	0.001642276088561392	0.05222246718306693
5.309999999999999	1.940956726475832e-14	0.0016374831568280114	0.052066019981042704
5.329999999999999	1.9351814077477364e-14	0.001632610824017305	0.051907006113269656
5.349999999999999	1.9293067904560366e-14	0.0016276547182284679	0.05174528416055853
5.369999999999999	1.923327079709582e-14	0.0016226099506164659	0.05158069595264896
5.389999999999999	1.917235756526466e-14	0.0016174710214589575	0.05141306352237896
5.409999999999999	1.9110254386751152e-14	0.001612231702755238	0.05124218529865459
5.429999999999999	1.9046877046620558e-14	0.0016068848897339688	0.05106783129091152
5.449999999999999	1.8982128681362622e-14	0.0016014224105299875	0.0508897369166461
5.469999999999999	1.8915896844243955e-14	0.0015958347786035143	0.05070759497152044
5.489999999999999	1.884804962353134e-14	0.0015901108652550586	0.05052104500727955
5.509999999999999	1.8778430409704048e-14	0.00158423745816263	0.05032965901195023
5.529999999999999	1.8706850686726452e-14	0.0015781986532193049	0.05013292168167398
5.549999999999999	1.8633079848760843e-14	0.0015719749954228167	0.04993020255051821
5.5699999999999985	1.8556830385587295e-14	0.0015655422290473105	0.04972071544292909
5.589999999999999	1.847773556393526e-14	0.0015588694147346141	0.04950345738425536
5.6099999999999985	1.83953143521744e-14	0.00155191597037479	0.04927711258950521
5.629999999999999	1.8308913341697774e-14	0.0015446267713185452	0.04903989347732524
5.649999999999999	1.8217603981952585e-14	0.001536923480636997	0.04878925934421185
5.669999999999999	1.8119984131812816e-14	0.001528687807054197	0.04852137307153382
5.689999999999999	1.8013745388077094e-14	0.001519725002726989	0.048229916541847606
5.709999999999999	1.7894540854501333e-14	0.0015096683428702665	0.047902990621281775
5.729999999999999	1.7751912086489037e-14	0.0014976355034919606	0.047511962662465976
5.749999999999999	1.7533859840270726e-14	0.001479239581747775	0.04691445073034821
5.769999999999999	1.7381050075998807e-14	0.0014663478252350756	0.046495930459143804
5.789999999999999	1.7343906082271606e-14	0.001463214181744937	0.04639422575818723
5.809999999999999	1.73063739430791e-14	0.0014600477924623155	0.046291468773956686
5.829999999999999	1.726844305504884e-14	0.0014568477628364176	0.04618763080604534
5.849999999999999	1.7230102174529682e-14	0.0014536131442995032	0.0460826814169532
5.869999999999999	1.719133935855412e-14	0.0014503429292861858	0.045976588271751134
5.889999999999999	1.7152141898428798e-14	0.001447036045630815	0.04586931695771429
5.909999999999999	1.7112496244783306e-14	0.001443691350244236	0.045760830780744804
5.929999999999999	1.707238792268201e-14	0.0014403076219522222	0.04565109053479148
5.949999999999999	1.7031801435123677e-14	0.0014368835533542454	0.045540054239712906
5.969999999999999	1.699072015290855e-14	0.0014334177415321388	0.04542767684209212
5.989999999999998	1.6949126188421708e-14	0.0014299086774018648	0.0453139098723399
6.009999999999999	1.690700025034119e-14	0.001426354733456001	0.0451987010499544
6.0299999999999985	1.6864321475596583e-14	0.0014227541495869704	0.04508199382694867
6.049999999999999	1.682106723403377e-14	0.001419105016607634	0.04496372685709222
6.0699999999999985	1.6777212900125548e-14	0.0014154052569917146	0.044843833375578276
6.089999999999999	1.6732731584621875e-14	0.001411652602234539	0.04472224046979712
6.1099999999999985	1.668759381714329e-14	0.0014078445660751133	0.04459886821675609
6.129999999999999	1.6641767168226367e-14	0.0014039784126100858	0.04447362865590374
6.149999999999999	1.659521579599878e-14	0.0014000511180491035	0.04434642455705701
6.169999999999999	1.6547899898164566e-14	0.0013960593244816911	0.044217147930902465
6.189999999999999	1.6499775043828946e-14	0.001391999283506823	0.04408567821281529
6.209999999999999	1.645079135116221e-14	0.0013878667868567477	0.043951880027544354
6.229999999999999	1.640089246489451e-14	0.0013836570801336004	0.04381560040965844
6.249999999999999	1.6350014270445943e-14	0.0013793647543273153	0.04367666530790795
6.269999999999999	1.6298083256440743e-14	0.0013749836076695579	0.04353487513351817
6.289999999999999	1.624501440008072e-14	0.0013705064672337975	0.043389999011062164
6.309999999999999	1.6190708393131306e-14	0.0013659249549063323	0.043241767236300604
6.329999999999999	1.6135047937734577e-14	0.0013612291748835079	0.043089861204579485
6.349999999999999	1.607789269902181e-14	0.0013564072878501697	0.042933899686519346
6.369999999999999	1.6019072265342665e-14	0.0013514449170712087	0.04277341968544151
6.389999999999999	1.5958376059702572e-14	0.0013463242972725652	0.04260784900339487
6.409999999999998	1.5895538411997434e-14	0.0013410230152641465	0.04243646564625135
6.429999999999999	1.5830215607424493e-14	0.0013355120736349032	0.042258335406183595
6.449999999999998	1.5761948905464114e-14	0.001329752770858726	0.04207221128680881
6.469999999999999	1.569010135371986e-14	0.001323691370610295	0.04187636165336242
6.489999999999998	1.561374132431778e-14	0.0013172492763433184	0.04166825347019111
6.509999999999999	1.5531404725629653e-14	0.0013103029703436418	0.04144390553003668
6.5299999999999985	1.5440532548562454e-14	0.0013026365624664291	0.041196358553749104
6.549999999999999	1.533578771153916e-14	0.0012937997911952961	0.04091109675249057
6.5699999999999985	1.5200967158570124e-14	0.0012824256898735281	0.04054404656504856
6.589999999999999	1.4986558403267275e-14	0.001264337150304573	0.03996059412692036
6.6099999999999985	1.4957866241054028e-14	0.0012619165434092057	0.039882542388015176
6.629999999999999	1.492891401211935e-14	0.0012594739960516848	0.03980378936019603
6.649999999999999	1.4899695630155072e-14	0.0012570089947621843	0.03972431865620329
6.669999999999999	1.4870204695549412e-14	0.0012545209996391007	0.039644113043486126
6.689999999999999	1.48404344708751e-14	0.0012520094422811124	0.039563154378009044
6.709999999999999	1.4810377853791236e-14	0.0012494737235010538	0.039481423531071244
6.729999999999999	1.4780027347014304e-14	0.001246913210792527	0.039398900308207314
6.749999999999999	1.474937502495671e-14	0.0012443272355153702	0.039315563359084135
6.769999999999999	1.4718412496565875e-14	0.0012417150897605879	0.039231390077131896
6.789999999999999	1.46871308638153e-14	0.0012390760228484599	0.03914635648742649
6.809999999999999	1.4655520675204312e-14	0.0012364092374055596	0.039060437121084986
6.829999999999999	1.4623571873505948e-14	0.0012337138849565178	0.0389736048741184
6.849999999999999	1.459127373686148e-14	0.0012309890609544768	0.03888583084830533
6.869999999999998	1.4558614812148032e-14	0.0012282337991596664	0.038797084171184895
6.889999999999999	1.4525582839333188e-14	0.0012254470652576018	0.03870733179169266
6.909999999999998	1.449216466526997e-14	0.0012226277495864162	0.03861653824725925
6.929999999999999	1.4458346145059915e-14	0.0012197746588153838	0.03852466539731084
6.949999999999998	1.4424112028706025e-14	0.001216886506382425	0.03843167211701337
6.969999999999999	1.4389445830265644e-14	0.0012139619014552225	0.038337513943719044
6.989999999999998	1.435432967606374e-14	0.001210999336125773	0.038242142666817275
7.009999999999999	1.431874412769695e-14	0.0012079971704781693	0.03814550584944863
7.0299999999999985	1.4282667974488077e-14	0.0012049536150790783	0.038047546267645234
7.049999999999999	1.4246077988656958e-14	0.0012018667103227926	0.03794820124869321
7.0699999999999985	1.4208948634643371e-14	0.0011987343019083327	0.03784740188556471
7.089999999999999	1.4171251721586207e-14	0.0011955540115209423	0.037745072097692955
7.1099999999999985	1.4132955984700211e-14	0.0011923232015150444	0.03764112749954235
7.129999999999999	1.4094026576854435e-14	0.0011890389320213864	0.0375354740264285
7.149999999999999	1.4054424445547351e-14	0.0011856979083857083	0.03742800625052585
7.169999999999999	1.4014105561934914e-14	0.0011822964161258911	0.03731860529691319
7.189999999999999	1.3973019956446679e-14	0.0011788302395719593	0.03720713623673452
7.209999999999999	1.3931110498012893e-14	0.001175294558875888	0.03709344478720138
7.229999999999999	1.3888311328133882e-14	0.0011716838179022678	0.03697735307842511
7.249999999999999	1.3844545822212606e-14	0.0011679915522366509	0.036858654142125795
7.269999999999999	1.3799723890748619e-14	0.0011642101615014725	0.03673710461550463
7.289999999999998	1.3753738338253596e-14	0.0011603306021768939	0.03661241489739195
7.309999999999999	1.370645984301659e-14	0.0011563419640699879	0.036484235575376577
7.329999999999998	1.3657729859044278e-14	0.0011522308714887514	0.03635213823467769
7.349999999999999	1.3607350279987977e-14	0.0011479806112419623	0.03621558751151743
7.369999999999998	1.3555067851111387e-14	0.0011435698175588432	0.036073898945026966
7.389999999999999	1.350054964233454e-14	0.0011389704028787122	0.03592617265748627
7.409999999999998	1.3443342378601094e-14	0.0011341441267678674	0.03577118338234011
7.429999999999999	1.3382800353681206e-14	0.0011290365143860818	0.035607185535249955
7.449999999999998	1.3317945911297712e-14	0.0011235650860126495	0.03543153592908744
7.469999999999999	1.3247164299616732e-14	0.0011175936135238635	0.03523986858013007
7.489999999999998	1.3167401246998378e-14	0.0011108644240773325	0.035023924678692545
7.509999999999999	1.3071249168486003e-14	0.0011027525786708719	0.03476367245519167
7.5299999999999985	1.2920443830286916e-14	0.0010900299250489582	0.03435562810754083
7.549999999999999	1.2822747390890611e-14	0.0010817877900332032	0.034091372993394806
7.5699999999999985	1.2800588016603633e-14	0.00107991832011325	0.03403144472020488
7.589999999999999	1.2778252393557158e-14	0.0010780339810119723	0.03397104343034007
7.6099999999999985	1.2755736899171085e-14	0.0010761344671113306	0.033910159414225954
7.629999999999999	1.273303774777472e-14	0.0010742194590341889	0.033848782524381026
7.649999999999999	1.2710150979484481e-14	0.001072288622705986	0.03378690214552894
7.669999999999999	1.2687072448061972e-14	0.0010703416083303846	0.03372450716196978
7.689999999999999	1.2663797807634956e-14	0.00106837804926899	0.033661585921894444
7.709999999999998	1.2640322498146512e-14	0.0010663975608137708	0.03359812619827982
7.729999999999999	1.2616641729379448e-14	0.0010643997388392846	0.03353411514595367
7.749999999999998	1.2592750463379389e-14	0.0010623841583198039	0.03346953925435434
7.769999999999999	1.2568643395074712e-14	0.0010603503716943245	0.03340438429544254
7.789999999999998	1.2544314930859557e-14	0.0010582979070597243	0.03333863526613657
7.809999999999999	1.2519759164869917e-14	0.0010562262661693036	0.033272276324544985
7.829999999999998	1.2494969852639352e-14	0.0010541349222102547	0.033205290719153714
7.849999999999999	1.2469940381768592e-14	0.0010520233173292124	0.03313766070998402
7.869999999999998	1.2444663739181651e-14	0.0010498908598698218	0.033069367480572154
7.889999999999999	1.2419132474466747e-14	0.0010477369212800068	0.03300039103942119
7.909999999999998	1.2393338658709785e-14	0.0010455608326389663	0.032930710109332545
7.929999999999999	1.2367273838120085e-14	0.001043361880744821	0.032860302002733585
7.949999999999998	1.2340928981614282e-14	0.0010411393036925429	0.032789142480758066
7.969999999999999	1.2314294421362208e-14	0.0010388922858581226	0.03271720559340042
7.989999999999998	1.2287359785097413e-14	0.0010366199521879655	0.03264446349752325
8.01	1.2260113918746231e-14	0.0010343213616715117	0.032570886248828916
8.03	1.2232544797618943e-14	0.0010319954998489014	0.032496441563070896
8.049999999999999	1.2204639424015747e-14	0.0010296412701725297	0.03242109454072951
8.069999999999999	1.2176383708606786e-14	0.001027257483999702	0.03234480734804905
8.089999999999998	1.2147762332315259e-14	0.001024842848940439	0.032267538845638544
8.11	1.2118758584622151e-14	0.0010223959552160958	0.032189244153657426
8.129999999999999	1.2089354173160423e-14	0.0010199152595958259	0.032109874139782044
8.149999999999999	1.205952899808945e-14	0.0010173990663617377	0.03202937481244374
8.169999999999998	1.2029260882919106e-14	0.001014845504599938	0.03194768659693017
8.189999999999998	1.1998525251016889e-14	0.001012252500909138	0.03186474346538848
8.209999999999999	1.1967294733732787e-14	0.0010096177463402097	0.031780471882894734
8.229999999999999	1.1935538691555512e-14	0.001006938655998653	0.03169478951959221
8.249999999999998	1.1903222623424872e-14	0.0010042123192113867	0.03160760366198282
8.269999999999998	1.187030743044677e-14	0.0010014354374102532	0.03151880923257161
8.29	1.1836748487505085e-14	0.000998604245808793	0.031428286292758026
8.309999999999999	1.1802494457608464e-14	0.0009957144133749167	0.031335896853677506
8.329999999999998	1.1767485755940615e-14	0.0009927609132509027	0.031241480744720086
8.349999999999998	1.173165252798056e-14	0.0009897378521780316	0.031144850174839533
8.37	1.1694911939216668e-14	0.0009866382418440055	0.031045782441936384
8.389999999999999	1.1657164465966542e-14	0.0009834536859589227	0.030944009955005736
8.409999999999998	1.1618288696288811e-14	0.0009801739416355347	0.030839206248051518
8.429999999999998	1.1578133836255536e-14	0.0009767862871828431	0.030730965820731343
8.45	1.1536508546228542e-14	0.0009732745802814202	0.030618774105444866
8.469999999999999	1.1493163636063016e-14	0.0009696177980687047	0.030501960912542782
8.489999999999998	1.144776390158005e-14	0.0009657876611302424	0.03037962466083412
8.509999999999998	1.139983938887031e-14	0.0009617445219251826	0.030250501259111724
8.53	1.1348694050457661e-14	0.0009574296585869853	0.030112718349484882
8.549999999999999	1.1293214861832392e-14	0.0009527491710887755	0.02996328173253423
8.569999999999999	1.1231404224540404e-14	0.0009475345325500685	0.029796817263293952
8.589999999999998	1.1158892385108396e-14	0.0009414170898414863	0.029601568313785027
8.609999999999998	1.1060554041762579e-14	0.0009331208007639075	0.029336838540465822
8.629999999999999	1.0933800948906078e-14	0.0009224273086423581	0.028995718758133646
8.649999999999999	1.0916827960907483e-14	0.0009209953868694699	0.02895004963671391
8.669999999999998	1.0899737549010422e-14	0.0009195535586595489	0.028904066670750073
8.689999999999998	1.0882527633055217e-14	0.0009181016485204577	0.02885776430720145
8.709999999999999	1.0865196052414627e-14	0.0009166394741714343	0.028811136777883717
8.729999999999999	1.0847740561290804e-14	0.0009151668461463202	0.02876417808688571
8.749999999999998	1.083015882364386e-14	0.0009136835673657102	0.0287168819970002
8.769999999999998	1.0812448407715652e-14	0.0009121894326749531	0.02866924201507129
8.79	1.0794606780108233e-14	0.0009106842283445818	0.02862125137614976
8.809999999999999	1.0776631299371413e-14	0.0009091677315293296	0.028572903026334605
8.829999999999998	1.0758519209048318e-14	0.0009076397096814203	0.028524189604163645
8.849999999999998	1.0740267630121348e-14	0.0009060999199132736	0.028475103420399293
8.87	1.0721873552793531e-14	0.000904548108304141	0.02842563643603526
8.889999999999999	1.0703333827531781e-14	0.0009029840091444726	0.02837578023832751
8.909999999999998	1.0684645155288624e-14	0.0009014073441109759	0.02832552601462611
8.929999999999998	1.0665804076807784e-14	0.0008998178213643834	0.02827486452375459
8.95	1.0646806960905372e-14	0.0008982151345607992	0.02822378606464708
8.969999999999999	1.0627649991603601e-14	0.0008965989617662373	0.028172280441913645
8.989999999999998	1.0608329153975197e-14	0.0008949689642623896	0.028120336927954036
9.009999999999998	1.0588840218536246e-14	0.0008933247852299319	0.028067944221185505
9.029999999999998	1.056917872399977e-14	0.0008916660482935345	0.028015090399882037
9.049999999999999	1.0549339958173377e-14	0.0008899923559102964	0.027961762871044942
9.069999999999999	1.0529318936749167e-14	0.0008883032875803619	0.027907948313630495
9.089999999999998	1.05091103796929e-14	0.0008865983978549986	0.02785363261535018
9.109999999999998	1.0488708684889773e-14	0.00088487721411323	0.02779880080212599
9.129999999999999	1.04681078986446e-14	0.0008831392340730909	0.027743436959123804
9.149999999999999	1.0447301682562642e-14	0.0008813839229975375	0.027687524142096426
9.169999999999998	1.042628327625043e-14	0.000879610710547711	0.027631044277534763
9.189999999999998	1.0405045455169914e-14	0.0008778189872273145	0.027573978049842192
9.209999999999999	1.0383580482849851e-14	0.0008760081003509388	0.027516304773400287
9.229999999999999	1.0361880056498671e-14	0.0008741773494557057	0.02745800224696659
9.249999999999998	1.0339935244865452e-14	0.000872325981058925	0.027399046587315862
9.269999999999998	1.0317736416949044e-14	0.0008704531826436589	0.027339412038375956
9.29	1.02952731598461e-14	0.0008685580757279908	0.027279070751281095
9.309999999999999	1.0272534183637788e-14	0.0008666397078408185	0.02721799252971839
9.329999999999998	1.0249507210716566e-14	0.0008646970431849352	0.02715614453360853
9.349999999999998	1.0226178846315197e-14	0.0008627289517142435	0.027093490932449806
9.37	1.0202534426170945e-14	0.0008607341962819842	0.027029992497434
9.389999999999999	1.017855783617491e-14	0.0008587114174254992	0.026965606118541863
9.409999999999998	1.0154231297424939e-14	0.0008566591152322746	0.026900284228992474
9.429999999999998	1.0129535108190345e-14	0.000854575627570862	0.026833974114304646
9.449999999999998	1.0104447331715389e-14	0.0008524591037524976	0.02676661707631528
9.469999999999999	1.0078943415257634e-14	0.0008503074723913723	0.02669814741304329
9.489999999999998	1.0052995720859258e-14	0.0008481184018182738	0.02662849116216926
9.509999999999998	1.002657294145136e-14	0.0008458892508203752	0.02655756453742619
9.529999999999998	9.999639366014429e-15	0.0008436170066466883	0.026485271960743233
9.549999999999999	9.972153943113607e-15	0.0008412982060034555	0.026411503554404126
9.569999999999999	9.944069070689435e-15	0.0008389288329551576	0.02633613190006347
9.589999999999998	9.915329007345466e-15	0.0008365041848932006	0.026259007784043345
9.609999999999998	9.885867749400122e-15	0.0008340186934339418	0.02617995451180372
9.629999999999999	9.855606136029698e-15	0.0008314656801948222	0.026098760155008054
9.649999999999999	9.824447808700939e-15	0.000828837015912934	0.026015166729991927
9.669999999999998	9.792273416176383e-15	0.0008261226315517847	0.025928854677227404
9.689999999999998	9.758932032589585e-15	0.0008233097942894181	0.025839419876265268
9.709999999999999	9.724227950307445e-15	0.0008203819933016363	0.02574633827233772
9.729999999999999	9.687899376932939e-15	0.0008173171425401072	0.02564890881844295
9.749999999999998	9.649581990110529e-15	0.0008140845060428843	0.02554615585899887
9.769999999999998	9.60874165441121e-15	0.0008106390216116955	0.0254366489129758
9.79	9.564536752263896e-15	0.0008069096863963307	0.025318133923231536
9.809999999999999	9.515491532045257e-15	0.000802771998990143	0.02518665829526801
9.829999999999998	9.45851346129669e-15	0.0007979650586865981	0.025033938760380774
9.849999999999998	9.384111580894639e-15	0.0007916881631570466	0.024834552923533114
9.869999999999997	9.26606396585239e-15	0.0007817291064352426	0.02451828464337968
9.889999999999999	9.25306547211757e-15	0.0007806324918500451	0.02448346573005234
9.909999999999998	9.239988313753825e-15	0.0007795292407436342	0.024448437322044034
9.929999999999998	9.226831281482894e-15	0.0007784192510955594	0.02441319620241581
9.949999999999998	9.213593125640041e-15	0.0007773024174781765	0.024377739046648663
9.969999999999999	9.200272554140467e-15	0.0007761786308850833	0.02434206241722319
9.989999999999998	9.186868230308844e-15	0.0007750477785480091	0.02430616275783429
10.009999999999998	9.173378770560083e-15	0.0007739097437411532	0.02427003638720924
10.029999999999998	9.159802741918918e-15	0.0007727644055719254	0.024233679492495996
10.049999999999999	9.146138659364025e-15	0.0007716116387568832	0.024197088122183626
10.069999999999999	9.132384982981176e-15	0.000770451313381558	0.024160258178513583
10.089999999999998	9.11854011490823e-15	0.0007692832946427211	0.02412318540933591
10.109999999999998	9.104602396052889e-15	0.0007681074425714765	0.024085865399359523
10.129999999999999	9.0905701025619e-15	0.0007669236117353877	0.024048293560739745
10.149999999999999	9.076441442018251e-15	0.0007657316509176536	0.02401046512294052
10.169999999999998	9.062214549340034e-15	0.0007645314027711183	0.023972375121801105
10.189999999999998	9.047887482351525e-15	0.0007633227034446254	0.023934018387728677
10.209999999999999	9.033458216993739e-15	0.0007621053821789588	0.02389538953292957
10.229999999999999	9.018924642137569e-15	0.0007608792608692536	0.023856482937580747
10.249999999999998	9.004284553958122e-15	0.0007596441535903886	0.02381729273483105
10.269999999999998	8.989535649823782e-15	0.0007583998660814393	0.02377781279450843
10.289999999999997	8.974675521647264e-15	0.00075714619518474	0.023738036705392367
10.309999999999999	8.959701648639378e-15	0.0007558829282345585	0.023697957755893475
10.329999999999998	8.94461138939808e-15	0.0007546098423896896	0.02365756891296037
10.349999999999998	8.929401973256194e-15	0.0007533267039035087	0.023616862799009566
10.369999999999997	8.914070490800556e-15	0.0007520332673241218	0.023575831666645567
10.389999999999999	8.898613883463029e-15	0.0007507292746162132	0.023534467370905737
10.409999999999998	8.883028932069004e-15	0.0007494144541949441	0.023492761338724775
10.429999999999998	8.867312244212281e-15	0.0007480885198608369	0.023450704535269137
10.449999999999998	8.851460240305032e-15	0.0007467511696228838	0.0234082874267379
10.469999999999999	8.835469138128008e-15	0.0007454020843951294	0.023365499939163557
10.489999999999998	8.819334935678065e-15	0.0007440409265496062	0.02332233141267171
10.509999999999998	8.803053392076789e-15	0.0007426673383056963	0.023278770550569344
10.529999999999998	8.786620006264227e-15	0.0007412809399326328	0.02323480536252566
10.549999999999999	8.770029993154056e-15	0.0007398813277378373	0.023190423100982037
10.569999999999999	8.753278256868833e-15	0.000738468071808918	0.023145610189773902
10.589999999999998	8.736359360604233e-15	0.0007370407134712746	0.023100352143761244
10.609999999999998	8.719267492586781e-15	0.0007355987624161307	0.023054633478039304
10.629999999999999	8.701996427485237e-15	0.0007341416934450152	0.023008437605022754
10.649999999999999	8.684539482508512e-15	0.0007326689427659745	0.022961746717356936
10.669999999999998	8.666889467264719e-15	0.0007311799037634436	0.022914541654187683
10.689999999999998	8.649038626259222e-15	0.0007296739221471101	0.022866801747796397
10.709999999999997	8.630978572662414e-15	0.000728150290364248	0.02281850464694757
10.729999999999999	8.61270021166643e-15	0.0007266082411337281	0.02276962611246519
10.749999999999998	8.594193651353043e-15	0.0007250469399264098	0.022720139779495295
10.769999999999998	8.57544809848609e-15	0.0007234654761736966	0.022670016879554254
10.789999999999997	8.556451735983297e-15	0.0007218628529304776	0.022619225913706017
10.809999999999999	8.53719157796248e-15	0.0007202379746461381	0.022567732265917097
10.829999999999998	8.517653297122932e-15	0.0007185896326016338	0.022515497742612772
10.849999999999998	8.497821017710692e-15	0.0007169164874430596	0.02246248002042356
10.869999999999997	8.477677065277676e-15	0.0007152170480701428	0.022408631978672357
10.889999999999999	8.457201661659703e-15	0.0007134896459031423	0.022353900885722585
10.909999999999998	8.436372549743355e-15	0.0007117324032264015	0.02229822739802284
10.929999999999998	8.415164527173652e-15	0.0007099431938497157	0.02224154431622907
10.949999999999998	8.393548860415384e-15	0.0007081195936757676	0.022183775022137867
10.969999999999999	8.371492539322969e-15	0.0007062588178121039	0.022124831490129115
10.989999999999998	8.348957315667415e-15	0.00070435763945671	0.022064611722244633
11.009999999999998	8.325898443716241e-15	0.0007024122836473581	0.022002996388389442
11.029999999999998	8.302263001511224e-15	0.0007004182856366364	0.02193984434788782
11.049999999999999	8.277987608336067e-15	0.0006983702983266941	0.021874986560134712
11.069999999999999	8.252995249446797e-15	0.0006962618243884376	0.021808217613491124
11.089999999999998	8.227190739937179e-15	0.0006940848335717011	0.02173928362345896
11.109999999999998	8.200454038425236e-15	0.0006918291986161275	0.021667864394230348
11.129999999999997	8.172630015261756e-15	0.0006894818320487071	0.021593546120896964
11.149999999999999	8.143512063856922e-15	0.0006870253035575581	0.021515777664934236
11.169999999999998	8.112814310950328e-15	0.0006844354955184946	0.021433796411073208
11.189999999999998	8.080120908742448e-15	0.0006816773250387225	0.021346492976801433
11.209999999999997	8.044783942382576e-15	0.0006786961309482828	0.0212521388223277
11.229999999999999	8.005686948407092e-15	0.0006753977230938376	0.02114775529315597
11.249999999999998	7.960562039334372e-15	0.0006715907717305201	0.021027291613877244
11.269999999999998	7.902972655523024e-15	0.0006667322581574532	0.020873574338630834
11.289999999999997	7.797849611142625e-15	0.0006578635795197828	0.020593041388837496
11.309999999999999	7.787885317114362e-15	0.0006570229444134768	0.020566454605634932
11.329999999999998	7.777867492960999e-15	0.0006561777932519164	0.02053972570560743
11.349999999999998	7.767795410759557e-15	0.0006553280646240661	0.0205128527580514
11.369999999999997	7.757668321374445e-15	0.0006544736953292946	0.020485833775938798
11.389999999999999	7.747485453531128e-15	0.0006536146202992236	0.02045866671345626
11.409999999999998	7.737246012835874e-15	0.00065275077251503	0.020431349463400934
11.429999999999998	7.72694918073766e-15	0.000651882082919867	0.020403879854422647
11.449999999999998	7.716594113427953e-15	0.0006510084803260446	0.02037625564810093
11.469999999999999	7.706179940673735e-15	0.0006501298913165775	0.02034847453584472
11.489999999999998	7.695705764578687e-15	0.0006492462401406734	0.0203205341356011
11.509999999999998	7.685170658267067e-15	0.0006483574486026986	0.02029243198835862
11.529999999999998	7.674573664484104e-15	0.0006474634359441001	0.020264165554428764
11.549999999999997	7.66391379410646e-15	0.0006465641187177416	0.02023573220948845
11.569999999999999	7.653190024555404e-15	0.0006456594106540311	0.020207129240363945
11.589999999999998	7.642401298104878e-15	0.0006447492225181813	0.0201783538405355
11.609999999999998	7.631546520075542e-15	0.0006438334619578509	0.02014940310533893
11.629999999999997	7.62062455690544e-15	0.0006429120333403768	0.020120274026839365
11.649999999999999	7.609634234086599e-15	0.0006419848375786954	0.02009096348834862
11.669999999999998	7.598574333955857e-15	0.0006410517719449667	0.02006146825855525
11.689999999999998	7.58744359332721e-15	0.0006401127298708281	0.02003178498523336
11.709999999999997	7.576240700951328e-15	0.0006391676007330666	0.02000191018849213
11.729999999999999	7.564964294786495e-15	0.0006382162696233828	0.019971840253524137
11.749999999999998	7.553612959063434e-15	0.0006372586171007653	0.019941571422805886
11.769999999999998	7.542185221124603e-15	0.0006362945189248386	0.019911099787698967
11.789999999999997	7.530679548016224e-15	0.000635323845768351	0.019880421279394014
11.809999999999999	7.51909434280886e-15	0.0006343464629067609	0.0198495316591332
11.829999999999998	7.507427940619409e-15	0.0006333622298826331	0.01981842650763918
11.849999999999998	7.495678604304342e-15	0.0006323710001422996	0.01978710121367025
11.869999999999997	7.483844519789955e-15	0.0006313726206418987	0.01975555096161071
11.889999999999999	7.471923791001556e-15	0.0006303669314195758	0.019723770717995283
11.909999999999998	7.45991443434819e-15	0.0006293537651301896	0.019691755216852187
11.929999999999998	7.447814372714325e-15	0.0006283329465384218	0.01965949894373573
11.949999999999998	7.435621428903132e-15	0.0006273042919656209	0.019626996118301297
11.969999999999997	7.423333318468672e-15	0.0006262676086850923	0.019594240675256034
11.989999999999998	7.410947641865579e-15	0.0006252226942598073	0.01956122624349547
12.009999999999998	7.398461875834738e-15	0.0006241693358156591	0.019527946123209395
12.029999999999998	7.385873363931672e-15	0.0006231073092423914	0.019494393260708977
12.049999999999997	7.373179306090594e-15	0.0006220363783131735	0.019460560220690697
12.069999999999999	7.360376747100974e-15	0.000620956293712428	0.019426439155609574
12.089999999999998	7.347462563853984e-15	0.0006198667919598808	0.019392021771782664
12.109999999999998	7.334433451194394e-15	0.0006187675942169599	0.019357299291785583
12.129999999999997	7.321285906185655e-15	0.0006176584049593231	0.0193222624126311
12.149999999999999	7.308016210564895e-15	0.0006165389104966783	0.01928690125913619
12.169999999999998	7.294620411125503e-15	0.0006154087773177652	0.01925120533178019
12.189999999999998	7.281094297719337e-15	0.000614267650234517	0.01921516344823541
12.209999999999997	7.267433378514755e-15	0.0006131151502947112	0.019178763677603055
12.229999999999999	7.253632852078868e-15	0.0006119508724266951	0.019141993266207087
12.249999999999998	7.239687575770075e-15	0.0006107743827728314	0.01910483855357982
12.269999999999998	7.225592029825333e-15	0.0006095852156597284	0.019067284877002762
12.289999999999997	7.211340276401324e-15	0.0006083828701427599	0.019029316462633283
12.309999999999999	7.19692591267324e-15	0.0006071668060492556	0.018990916300834455
12.329999999999998	7.182342016900154e-15	0.00060593643942832	0.018952066002807386
12.349999999999998	7.167581086120875e-15	0.0006046911372945594	0.018912745634974266
12.369999999999997	7.152634963833288e-15	0.000603430211526768	0.018872933526733374
12.389999999999997	7.137494755612797e-15	0.0006021529117490992	0.018832606046151106
12.409999999999998	7.122150730112507e-15	0.0006008584169789718	0.01879173733679216
12.429999999999998	7.106592202221629e-15	0.0005995458257697586	0.018750299007117912
12.449999999999998	7.0908073942819285e-15	0.0005982141445023481	0.018708259761552493
12.469999999999997	7.07478327009985e-15	0.0005968622733816191	0.018665584959225903
12.489999999999998	7.0585053349311455e-15	0.0005954889895621962	0.01862223608225433
12.509999999999998	7.041957392494242e-15	0.0005940929266489448	0.018578170089779317
12.529999999999998	7.0251212471493184e-15	0.0005926725495713849	0.0185333386262266
12.549999999999997	7.007976335302276e-15	0.0005912261234871822	0.01848768704140342
12.569999999999999	6.990499264306432e-15	0.0005897516748817079	0.0184411531646691
12.589999999999998	6.97266322878041e-15	0.0005882469423258473	0.018393665753201834
12.609999999999998	6.954437261963668e-15	0.0005867093133168014	0.018345142501689997
12.629999999999997	6.935785261240938e-15	0.000585135742066706	0.018295487451615716
12.649999999999999	6.9166646984898944e-15	0.0005835226407014451	0.018244587562585266
12.669999999999998	6.8970248808509475e-15	0.0005818657325309399	0.01819230808836868
12.689999999999998	6.8768045540129165e-15	0.0005801598498509611	0.01813848620487706
12.709999999999997	6.855928515898343e-15	0.0005783986482575603	0.018082922007057054
12.729999999999999	6.834302690001753e-15	0.000576574191010517	0.018025365410385956
12.749999999999998	6.8118067039172185e-15	0.0005746763229227237	0.017965496419240137
12.769999999999998	6.788282229199107e-15	0.0005726916866555321	0.017902894125547335
12.789999999999997	6.763513683843758e-15	0.000570602094688577	0.017836985401126864
12.809999999999997	6.737194114311453e-15	0.0005683816509653227	0.017766954185022974
12.829999999999998	6.708859391693122e-15	0.0005659911993695701	0.017691566523107112
12.849999999999998	6.677745018219741e-15	0.0005633662432434009	0.01760878983922525
12.869999999999997	6.642412627156849e-15	0.0005603854351467159	0.01751479984823598
12.889999999999997	6.599415138709992e-15	0.0005567579630780586	0.01740043134873011
12.909999999999998	6.532039015224797e-15	0.0005510737937261899	0.017221244715372615
12.929999999999998	6.48409423351837e-15	0.000547028944532431	0.01709375523770122
12.949999999999998	6.476739617322872e-15	0.0005464084742261748	0.017074200090929397
12.969999999999997	6.469350259446409e-15	0.0005457850729469278	0.01705455295481162
12.989999999999998	6.461925743863844e-15	0.0005451587055968359	0.017034812728664823
13.009999999999998	6.454465643920834e-15	0.0005445293361813151	0.017014978283658878
13.029999999999998	6.446969521927984e-15	0.000543896927774812	0.01699504846174143
13.049999999999997	6.439436928734359e-15	0.0005432614424848234	0.01697502207450802
13.069999999999999	6.431867403279084e-15	0.000542622841414067	0.016954897902014193
13.089999999999998	6.4242604721196526e-15	0.0005419810846206873	0.016934674691525833
13.109999999999998	6.416615648935347e-15	0.0005413361310763618	0.016914351156203575
13.129999999999997	6.4089324340042084e-15	0.000540687938622176	0.016893925973717153
13.149999999999999	6.401210313651794e-15	0.0005400364639221173	0.01687339778478493
13.169999999999998	6.39344875966977e-15	0.0005393816624140253	0.016852765191633555
13.189999999999998	6.3856472287023495e-15	0.0005387234882578288	0.016832026756372364
13.209999999999997	6.3778051615982624e-15	0.0005380618942808742	0.016811180999276493
13.229999999999999	6.369921982725993e-15	0.0005373968319201569	0.016790226396972602
13.249999999999998	6.361997099249512e-15	0.0005367282511612171	0.016769161380519947
13.269999999999998	6.354029900361757e-15	0.0005360561004734744	0.016747984333379477
13.289999999999997	6.346019756472775e-15	0.0005353803267417337	0.01672669358926278
13.309999999999997	6.337966018349245e-15	0.0005347008751935929	0.016705287429852184
13.329999999999998	6.329868016201526e-15	0.0005340176893224208	0.016683764082381824
13.349999999999998	6.321725058714527e-15	0.0005333307108055975	0.0166621217170698
13.369999999999997	6.313536432017882e-15	0.0005326398794176327	0.016640358444389512
13.389999999999997	6.305301398590787e-15	0.0005319451329377733	0.016618472312167835
13.409999999999998	6.297019196096226e-15	0.0005312464070516529	0.01659646130249617
13.429999999999998	6.288689036139014e-15	0.0005305436352465141	0.016574323328439614
13.449999999999998	6.280310102941425e-15	0.0005298367486994785	0.016552056230527683
13.469999999999997	6.271881551929479e-15	0.0005291256761582794	0.016529657773008313
13.489999999999998	6.263402508222459e-15	0.0005284103438138297	0.016507125639845393
13.509999999999998	6.254872065017399e-15	0.0005276906751639301	0.016484457430437895
13.529999999999998	6.2462892818593484e-15	0.0005269665908673403	0.01646165065503639
13.549999999999997	6.237653182787394e-15	0.0005262380085873685	0.016438702729830213
13.569999999999999	6.228962754345229e-15	0.0005255048428240338	0.01641561097167566
13.589999999999998	6.220216943444042e-15	0.0005247670047337688	0.01639237259243283
13.609999999999998	6.211414655063839e-15	0.0005240244019354935	0.016368984692874237
13.629999999999997	6.20255474977809e-15	0.0005232769383017808	0.01634544425612518
13.649999999999999	6.193636041084693e-15	0.000522524513733686	0.01632174814059083
13.669999999999998	6.184657292524341e-15	0.0005217670239176371	0.016297893072319807
13.689999999999998	6.175617214564967e-15	0.0005210043600625926	0.01627387563674785
13.709999999999997	6.166514461228871e-15	0.0005202364086154894	0.016249692269759444
13.729999999999997	6.157347626435539e-15	0.0005194630509527063	0.01622533924799597
13.749999999999998	6.148115240030508e-15	0.0005186841630450394	0.016200812678331726
13.769999999999998	6.1388157634664645e-15	0.00051789961509334	0.01617610848642823
13.789999999999997	6.129447585098325e-15	0.0005171092711315845	0.016151222404265413
13.809999999999997	6.1200090150494285e-15	0.0005163129885937624	0.016126149956536082
13.829999999999998	6.110498279599583e-15	0.0005155106178404255	0.016100886445773063
13.849999999999998	6.100913515039389e-15	0.0005147020016402087	0.016075426936061718
13.869999999999997	6.091252760927222e-15	0.0005138869746009582	0.01604976623516925
13.889999999999997	6.081513952676079e-15	0.0005130653625443215	0.01602389887489777
13.909999999999998	6.07169491338685e-15	0.0005122369818167647	0.01599781908944004
13.929999999999998	6.061793344831941e-15	0.0005114016385289068	0.015971520791483125
13.949999999999998	6.051806817478358e-15	0.000510559127713821	0.01594499754576619
13.969999999999997	6.041732759421783e-15	0.0005097092323934601	0.015918242539751715
13.989999999999998	6.0315684440824615e-15	0.0005088517225406234	0.015891248551014814
14.009999999999998	6.021310976488774e-15	0.0005079863539217737	0.01586400791088912
14.029999999999998	6.010957277944735e-15	0.0005071128668035152	0.015836512463829024
14.049999999999997	6.000504068841926e-15	0.0005062309845025259	0.015808753521853545
14.069999999999999	5.9899478493333185e-15	0.0005053404117551103	0.015780721813322792
14.089999999999998	5.97928487753389e-15	0.0005044408328780996	0.015752407425158866
14.109999999999998	5.968511144849281e-15	0.0005035319096874602	0.015723799737454063
14.129999999999997	5.957622347955155e-15	0.0005026132791343398	0.015694887349201193
14.149999999999997	5.946613856853438e-15	0.0005016845506101401	0.015665657993624866
14.169999999999998	5.935480678311353e-15	0.0005007453028620605	0.015636098441273862
14.189999999999998	5.9242174138393075e-15	0.0004997950804479132	0.01560619438863748
14.209999999999997	5.912818211174916e-15	0.0004988333896430851	0.015575930329548323
14.229999999999997	5.901276708001368e-15	0.0004978596936923528	0.01554528940600016
14.249999999999998	5.889585966322851e-15	0.0004968734072734816	0.0155142532341998
14.269999999999998	5.877738395526437e-15	0.0004958738900063614	0.01548280170062916
14.289999999999997	5.865725661648818e-15	0.0004948604387983186	0.015450912721539117
14.309999999999997	5.853538579695753e-15	0.0004938322787596732	0.015418561957519233
14.329999999999998	5.841166984973654e-15	0.0004927885523486612	0.015385722472432209
14.349999999999998	5.828599578201868e-15	0.0004917283063043731	0.015352364322845093
14.369999999999997	5.815823737559105e-15	0.0004906504757900973	0.015318454059807592
14.389999999999997	5.802825288598104e-15	0.0004895538649822318	0.015283954118944535
14.409999999999998	5.789588219868933e-15	0.0004884371230789154	0.015248822066628146
14.429999999999998	5.7760943277116616e-15	0.0004872987143330541	0.015213009658385538
14.449999999999998	5.762322767371221e-15	0.0004861368801822404	0.01517646164897454
14.469999999999997	5.748249478328817e-15	0.0004849495907669863	0.015139114269017
14.489999999999998	5.733846437865829e-15	0.00048373448195783333	0.01510089324628685
14.509999999999998	5.719080675576709e-15	0.000482488772214986	0.015061711193285369
14.529999999999998	5.70391294798082e-15	0.0004812091507722803	0.015021464093750351
14.549999999999997	5.6882959178685165e-15	0.0004798916240381833	0.014980026476226127
14.569999999999997	5.672171591374548e-15	0.00047853129937514927	0.014937244619874307
14.589999999999998	5.65546760544281e-15	0.00047712207189253675	0.014892926712665523
14.609999999999998	5.6380916644038844e-15	0.0004756561550899021	0.014846828102834084
14.629999999999997	5.61992285457855e-15	0.0004741233481157551	0.01479862827387894
14.649999999999997	5.600797383903396e-15	0.0004725098326947372	0.014747893040044615
14.669999999999998	5.580483626748303e-15	0.0004707960677900577	0.014694008389236471
14.689999999999998	5.5586346501091114e-15	0.0004689527844879325	0.014636054627433668
14.709999999999997	5.5346869117315e-15	0.00046693243969082496	0.01457253782026575
14.729999999999997	5.507604017305624e-15	0.0004646475982589892	0.014500710470695654
14.749999999999998	5.475012635748836e-15	0.00046189803472524186	0.014414280737957863
14.769999999999998	5.427379486565724e-15	0.0004578794763292676	0.014287974878224011
14.789999999999997	5.379658635108476e-15	0.0004538535189534627	0.014161452459057408
14.809999999999997	5.374303215536431e-15	0.0004534017103568386	0.014147254620027307
14.829999999999998	5.3689257606630725e-15	0.0004529480427576792	0.014132998565676775
14.849999999999998	5.3635260415803556e-15	0.00045249249684421587	0.014118683691658262
14.869999999999997	5.358103824309628e-15	0.0004520350528768998	0.014104309380227104
14.889999999999997	5.352658869633945e-15	0.00045157569067425494	0.014089874999798331
14.909999999999998	5.3471909329230174e-15	0.00045111438959810976	0.01407537990448399
14.929999999999998	5.341699763950367e-15	0.0004506511285381717	0.014060823433609872
14.949999999999998	5.336185106702324e-15	0.0004501858858959132	0.014046204911210667
14.969999999999997	5.330646699178302e-15	0.0004497186395677221	0.014031523645502095
14.989999999999997	5.3250842731820166e-15	0.0004492493669272879	0.01401677892832903
15.009999999999998	5.319497554102943e-15	0.00044877804480716405	0.014001970034587889
15.029999999999998	5.313886260687613e-15	0.00044830464947947395	0.013987096221622109
15.049999999999997	5.308250104800057e-15	0.0004478291566357006	0.013972156728588966
15.069999999999997	5.3025887911707984e-15	0.00044735154136551044	0.013957150775796099
15.089999999999998	5.296902017133693e-15	0.0004468717781345519	0.01394207756400592
15.109999999999998	5.291189472349905e-15	0.00044638984076116885	0.013926936273706015
15.129999999999997	5.285450838518223e-15	0.00044590570239196145	0.01391172606434343
15.149999999999997	5.2796857890708516e-15	0.00044541933547612134	0.013896446073520545
15.169999999999998	5.273893988853829e-15	0.0004449307117384707	0.01388109541615034
15.189999999999998	5.268075093791047e-15	0.0004444398021511171	0.013865673183568275
15.209999999999997	5.262228750530848e-15	0.0004439465769036386	0.013850178442598119
15.229999999999997	5.2563545960740525e-15	0.00044345100537170274	0.013834610234568705
15.249999999999998	5.250452257382285e-15	0.00044295305608402273	0.01381896757427856
15.269999999999998	5.244521350965152e-15	0.00044245269668753	0.013803249448904662
15.289999999999997	5.238561482444984e-15	0.0004419498939106539	0.013787454816851877
15.309999999999997	5.2325722460975786e-15	0.0004414446135245762	0.013771582606538914
15.329999999999998	5.22655322436723e-15	0.000440936820302317	0.013755631715116337
15.349999999999998	5.220503987354382e-15	0.00044042647797551073	0.013739601007112178
15.369999999999997	5.21442409227385e-15	0.0004399135491886991	0.013723489312999763
15.389999999999997	5.2083130828816086e-15	0.0004393979954509719	0.013707295427682386
15.409999999999997	5.202170488867787e-15	0.00043887977708475785	0.013691018108888686
15.429999999999998	5.195995825213475e-15	0.00043835885317156103	0.013674656075472321
15.449999999999998	5.189788591508549e-15	0.00043783518149440997	0.013658208005608593
15.469999999999997	5.183548271227704e-15	0.0004373087184767801	0.013641672534880564
15.489999999999997	5.177274330961373e-15	0.0004367794191177101	0.013625048254245911
15.509999999999998	5.170966219598097e-15	0.00043624723692282344	0.013608333707875408
15.529999999999998	5.164623367454578e-15	0.0004357121238309349	0.013591527390853097
15.549999999999997	5.1582451853490755e-15	0.00043517403013587836	0.013574627746726655
15.569999999999997	5.15183106361376e-15	0.00043463290440318397	0.013557633164896363
15.589999999999998	5.145380371040836e-15	0.00043408869338116814	0.01354054197782898
15.609999999999998	5.138892453757012e-15	0.0004335413419059787	0.01352335245808215
15.629999999999997	5.132366634020175e-15	0.0004329907928000762	0.013506062815123116
15.649999999999997	5.125802208931596e-15	0.0004324369867635901	0.013488671191924132
15.669999999999998	5.119198449056275e-15	0.0004318798622579238	0.013471175661314934
15.689999999999998	5.112554596943244e-15	0.0004313193553809211	0.013453574222070762
15.709999999999997	5.1058698655367815e-15	0.000430755399732828	0.013435864794711908
15.729999999999997	5.099143436468506e-15	0.00043018792627220646	0.013418045216988295
15.749999999999998	5.092374458219201e-15	0.0004296168631608564	0.013400113239019667
15.769999999999998	5.085562044137989e-15	0.00042904213559670414	0.013382066518058526
15.789999999999997	5.0787052703050305e-15	0.00042846366563348997	0.01336390261283941
15.809999999999997	5.0718031732222865e-15	0.0004278813719859491	0.013345618977473495
15.829999999999997	5.064854747315119e-15	0.0004272951698190357	0.013327212954843065
15.849999999999998	5.0578589422253765e-15	0.00042670497051955385	0.013308681769444632
15.869999999999997	5.05081465987418e-15	0.0004261106814483612	0.013290022519623112
15.889999999999997	5.0437207512699845e-15	0.00042551220567108104	0.013271232169132464
15.909999999999997	5.036576013034244e-15	0.00042490944166499153	0.013252307537949665
15.929999999999998	5.029379183613524e-15	0.0004243022829994611	0.013233245292259534
15.949999999999998	5.022128939142631e-15	0.0004236906179869428	0.013214041933516848
15.969999999999997	5.014823888918472e-15	0.00042307432930112744	0.013194693786479117
15.989999999999997	5.007462570438985e-15	0.0004224532935584042	0.013175196986089311
16.009999999999998	5.000043443954625e-15	0.0004218273808581981	0.013155547463069722
16.029999999999998	4.992564886472568e-15	0.00042119645427713656	0.013135740928068632
16.05	4.98502518514468e-15	0.0004205603693112266	0.013115772854177562
16.07	4.977422529959928e-15	0.0004199189732593524	0.013095638457609256
16.09	4.969755005649466e-15	0.0004192721045403497	0.013075332676293794
16.11	4.962020582697933e-15	0.00041861959193467636	0.013054850146111284
16.13	4.954217107337169e-15	0.00041796125374023483	0.013034185174433782
16.15	4.946342290377635e-15	0.0004172968968301375	0.013013331710593753
16.169999999999998	4.938393694707823e-15	0.0004166263155980981	0.012992283312830324
16.189999999999998	4.93036872126205e-15	0.0004159492907746079	0.012971033111185443
16.21	4.922264593220336e-15	0.0004152655880939623	0.012949573765725085
16.23	4.91407833816002e-15	0.00041457495678848727	0.012927897419344218
16.25	4.905806767824446e-15	0.00041387712788172886	0.01290599564427044
16.27	4.897446455107519e-15	0.0004131718122467616	0.012883859381205403
16.29	4.8889937077704344e-15	0.0004124586983888071	0.012861478869824914
16.31	4.880444538304453e-15	0.0004117374499027149	0.012838843569087755
16.33	4.8717946292248655e-15	0.00041100770254499626	0.012815942065462774
16.349999999999998	4.863039292919245e-15	0.00041026906084643303	0.012792761966755389
16.369999999999997	4.854173424966796e-15	0.0004095210941738759	0.012769289778669021
16.39	4.845191449581256e-15	0.0004087633321275488	0.012745510760537912
16.41	4.8360872554883055e-15	0.0004079952591313637	0.01272140875576474
16.43	4.826854120102517e-15	0.00040721630803612765	0.0126969659913171
16.45	4.817484619281979e-15	0.00040642585250601524	0.01267216283908494
16.47	4.8079705191567075e-15	0.00040562319789270014	0.012646977529832928
16.49	4.7983026454740464e-15	0.00040480757021271356	0.01262138580769728
16.509999999999998	4.788470724468202e-15	0.00040397810272244317	0.012595360509378857
16.529999999999998	4.778463187276144e-15	0.0004031338194177309	0.012568871046935192
16.55	4.768266927137179e-15	0.00040227361455007747	0.01254188276570918
16.57	4.757866994643093e-15	0.0004013962269164987	0.012514356138432204
16.59	4.747246210541919e-15	0.00040050020719381503	0.012486245741296668
16.61	4.7363846670652605e-15	0.00039958387586825906	0.012457498935226406
16.63	4.7252590758327215e-15	0.0003986452682216005	0.012428054141415052
16.65	4.7138419003473526e-15	0.0003976820611443471	0.012397838547206103
16.669999999999998	4.7021001791232414e-15	0.0003966914738492062	0.012366764993833254
16.689999999999998	4.689993892822551e-15	0.0003956701301150204	0.012334727658265283
16.709999999999997	4.67747363879972e-15	0.0003946138621002863	0.01230159590343921
16.73	4.664477216012817e-15	0.0003935174222300781	0.012267205246870437
16.75	4.650924422431775e-15	0.00039237404428072955	0.012231343602047728
16.77	4.636708767881247e-15	0.00039117474423595004	0.012193729362383957
16.79	4.621683520119444e-15	0.00038990714306785015	0.012153974498783231
16.81	4.605636476438461e-15	0.0003885533383494831	0.012111517840494522
16.83	4.5882398083861095e-15	0.0003870856729176846	0.012065492433594916
16.849999999999998	4.568936030694848e-15	0.00038545711467105197	0.012014423970997336
16.869999999999997	4.546618787266573e-15	0.0003835743261615429	0.011955386585310954
16.89	4.518315844578549e-15	0.00038118655567144765	0.011880519817820174
16.91	4.460014653295936e-15	0.0003762679906438994	0.011726319532457787
16.93	4.456113387628197e-15	0.00037593886136790396	0.011716001959461174
16.95	4.452198153768761e-15	0.00037560855366900386	0.011705647552185078
16.97	4.448268826599301e-15	0.00037527705699162353	0.011695255980886258
16.99	4.444325278614256e-15	0.00037494436057878904	0.011684826909526099
17.009999999999998	4.440367379852831e-15	0.0003746104534663914	0.011674359995591242
17.029999999999998	4.4363949978283466e-15	0.0003742753244772258	0.01166385488990719
17.05	4.432407997454964e-15	0.0003739389622148102	0.011653311236445045
17.07	4.428406240971532e-15	0.0003736013550569606	0.011642728672120609
17.09	4.424389587862503e-15	0.0003732624911491187	0.011632106826585753
17.11	4.4203578947757256e-15	0.0003729223583974172	0.011621445322011573
17.13	4.416311015436983e-15	0.00037258094446146933	0.011610743772862942
17.15	4.412248800561137e-15	0.00037223823674687275	0.011600001785664097
17.169999999999998	4.408171097759661e-15	0.0003718942223974085	0.01158921895875472
17.189999999999998	4.404077751444403e-15	0.00037154888828692224	0.011578394882036063
17.209999999999997	4.399968602727411e-15	0.0003712022210108726	0.01156752913670668
17.23	4.3958434893165824e-15	0.00037085420687752807	0.011556621294987145
17.25	4.391702245406945e-15	0.00037050483189879477	0.011545670919833247
17.27	4.387544701567313e-15	0.00037015408178065417	0.011534677564636968
17.29	4.383370684622139e-15	0.0003698019419131957	0.011523640772914815
17.31	4.37918001752821e-15	0.00036944839736021437	0.011512560077982518
17.33	4.3749725192459954e-15	0.00036909343284835636	0.01150143500261563
17.349999999999998	4.370748004605316e-15	0.0003687370327557873	0.011490265058695152
17.369999999999997	4.366506284165021e-15	0.000368379181100353	0.011479049746837326
17.39	4.362247164066366e-15	0.00036801986152721044	0.011467788556006836
17.41	4.357970445879702e-15	0.0003676590572958932	0.011456480963112328
17.43	4.353675926444145e-15	0.00036729675126678536	0.011445126432583441
17.45	4.349363397699759e-15	0.00036693292588696404	0.01143372441592807
17.47	4.345032646511897e-15	0.0003665675631753793	0.011422274351268928
17.49	4.340683454487177e-15	0.0003662006447073298	0.01141077566285805
17.509999999999998	4.3363155977806466e-15	0.0003658321515981935	0.011399227760568047
17.529999999999998	4.331928846893558e-15	0.0003654620644863674	0.011387630039358582
17.549999999999997	4.3275229664612465e-15	0.0003650903635153722	0.011375981878716733
17.57	4.323097715030445e-15	0.0003647170283150649	0.011364282642069477
17.59	4.318652844825474e-15	0.000364342037981914	0.011352531676166833
17.61	4.3141881015024664e-15	0.0003639653710582644	0.011340728310433423
17.63	4.3097032238910414e-15	0.0003635870055105442	0.011328871856286926
17.65	4.30519794372248e-15	0.00036320691870633164	0.011316961606420902
17.669999999999998	4.300671985343626e-15	0.000362825087390219	0.011304996834049959
17.689999999999998	4.296125065415519e-15	0.00036244148765838787	0.011292976792114641
17.709999999999997	4.29155689259579e-15	0.0003620560949318139	0.011280900712443444
17.73	4.28696716720367e-15	0.00036166888392800614	0.011268767804868995
17.75	4.282355580866524e-15	0.0003612798286311863	0.011256577256295443
17.77	4.277721816146525e-15	0.0003608889022607937	0.011244328229713467
17.79	4.273065546146178e-15	0.00036049607723820517	0.011232019863159474
17.81	4.268386434091153e-15	0.00036010132515154093	0.011219651268614917
17.83	4.2636841328888275e-15	0.0003597046167184209	0.011207221530841525
17.849999999999998	4.2589582846607184e-15	0.0003593059217465188	0.011194729706147625
17.869999999999997	4.2542085202469975e-15	0.00035890520909176064	0.0111821748210808
17.89	4.249434458680886e-15	0.00035850244661398187	0.01116955587104109
17.91	4.244635706630741e-15	0.00035809760112985947	0.0111568718188089
17.93	4.239811857807333e-15	0.0003576906383629071	0.011144121592981096
17.95	4.234962492333578e-15	0.0003572815228903023	0.011131304086307994
17.97	4.230087176073826e-15	0.00035687021808630234	0.011118418153923641
17.99	4.225185459919422e-15	0.0003564566860619712	0.011105462611460743
18.009999999999998	4.220256879027025e-15	0.00035604088760091953	0.011092436233040851
18.029999999999998	4.215300952005766e-15	0.0003556227820907305	0.01107933774912963
18.049999999999997	4.210317180048973e-15	0.00035520232744970726	0.011066165844245792
18.07	4.2053050460057864e-15	0.0003547794800485504	0.011052919154511441
18.09	4.20026401338742e-15	0.0003543541946265213	0.011039596265029948
18.11	4.195193525302395e-15	0.0003539264242016133	0.011026195707076403
18.13	4.190093003314383e-15	0.0003534961199741942	0.011012715955083834
18.15	4.184961846215647e-15	0.0003530632312235277	0.010999155423406721
18.169999999999998	4.179799428708359e-15	0.0003526277051965232	0.010985512462841391
18.189999999999998	4.174605099985073e-15	0.00035218948698797744	0.010971785356880301
18.209999999999997	4.16937818219883e-15	0.0003517485194115062	0.010957972317675093
18.23	4.1641179688121166e-15	0.00035130474286025333	0.010944071481679928
18.25	4.158823722812797e-15	0.0003508580951563795	0.010930080904943799
18.27	4.1534946747835385e-15	0.00035040851138818887	0.010915998558016221
18.29	4.148130020809791e-15	0.0003499559237336371	0.010901822320426885
18.31	4.142728920209461e-15	0.0003495002612687952	0.010887549974694764
18.33	4.137290493065242e-15	0.0003490414497596657	0.01087317919981646
18.349999999999998	4.131813817538254e-15	0.0003485794114355482	0.010858707564177448
18.369999999999997	4.126297926938735e-15	0.0003481140647419092	0.010844132517822154
18.389999999999997	4.120741806526297e-15	0.0003476453240704366	0.010829451384010435
18.41	4.115144390008585e-15	0.0003471730994636497	0.01081466134997808
18.43	4.1095045557027774e-15	0.0003466972962910654	0.010799759456807619
18.45	4.103821122319211e-15	0.0003462178148934846	0.010784742588301923
18.47	4.098092844320715e-15	0.00034573455019148395	0.010769607458738072
18.49	4.0923184068040915e-15	0.0003452473912535928	0.010754350599360215
18.509999999999998	4.086496419842074e-15	0.00034475622081895437	0.010738968343448606
18.529999999999998	4.080625412214586e-15	0.0003442609147684647	0.010723456809777016
18.549999999999997	4.074703824446496e-15	0.000343761341537405	0.010707811884239977
18.57	4.06873000105576e-15	0.0003432573614614578	0.010692029199396217
18.59	4.062702181899369e-15	0.00034274882604661016	0.010676104111631184
18.61	4.056618492485265e-15	0.00034223557715182127	0.010660031675590728
18.63	4.050476933094931e-15	0.00034171744607135196	0.01064380661547609
18.65	4.044275366532925e-15	0.00034119425250125776	0.010627423292715335
18.669999999999998	4.038011504285225e-15	0.000340665803371641	0.010610875669435535
18.689999999999998	4.031682890825946e-15	0.00034013189152269115	0.010594157267048413
18.709999999999997	4.025286885760146e-15	0.000339592294198167	0.010577261119125218
18.73	4.018820643426125e-15	0.0003390467713245503	0.010560179717567049
18.75	4.012281089500622e-15	0.0003384950635373488	0.010542904950865526
18.77	4.005664894050009e-15	0.0003379368899075671	0.01052542803298412
18.79	3.998968440343986e-15	0.00033737194531068264	0.010507739421056284
18.81	3.9921877885872364e-15	0.0003367998973668754	0.010489828719671525
18.83	3.985318633517889e-15	0.0003362203828638334	0.01047168456897525
18.849999999999998	3.978356254554825e-15	0.0003356330035509432	0.010453294513104077
18.869999999999997	3.971295456827021e-15	0.0003350373211642451	0.010434644844557625
18.889999999999997	3.964130500958918e-15	0.00033443285150279423	0.010415720418895907
18.91	3.956855018873576e-15	0.0003338190573254155	0.010396504432535581
18.93	3.94946191205046e-15	0.0003331953397672469	0.010376978154241243
18.95	3.941943227548841e-15	0.00033256102788048686	0.010357120597936637
18.97	3.93429000555064e-15	0.00033191536577238445	0.010336908120350801
18.99	3.926492089989681e-15	0.00033125749662902534	0.010316313921242798
19.009999999999998	3.9185378907139944e-15	0.00033058644265021564	0.010295307415713243
19.029999999999998	3.910414081093672e-15	0.00032990107953824617	0.010273853436144384
19.049999999999997	3.902105208266112e-15	0.0003292001036163327	0.010251911203572954
19.07	3.8935931830259715e-15	0.0003284819887933128	0.010229432981420818
19.09	3.88485660054355e-15	0.00032774492925622675	0.010206362282745995
19.11	3.87586981780911e-15	0.0003269867616391445	0.010182631435440195
19.13	3.866601671977161e-15	0.0003262048568966108	0.010158158199680243
19.15	3.8570136523474434e-15	0.0003253959660832898	0.010132840943399439
19.169999999999998	3.847057211035236e-15	0.0003245559934693569	0.010106551544553291
19.189999999999998	3.8366696572747216e-15	0.0003236796501644563	0.010079124555242867
19.209999999999997	3.825767600376285e-15	0.0003227599009344782	0.010050339896112682
19.229999999999997	3.814235872552083e-15	0.00032178702967858254	0.010019893620939732
19.25	3.801907415450185e-15	0.00032074694256181875	0.009987344832023324
19.27	3.788523058342175e-15	0.0003196177747122536	0.009952009524103866
19.29	3.773639281485623e-15	0.00031836210870073763	0.00991271714643161
19.31	3.7563663153912796e-15	0.0003169048793528529	0.009867119371946224
19.33	3.734253735016956e-15	0.0003150393571893215	0.009808748850393078
19.349999999999998	3.6906174284931294e-15	0.00031135799139768493	0.009693572199041909
19.369999999999997	3.687718237064429e-15	0.0003111134018574772	0.009685920344877322
19.389999999999997	3.6848097230521455e-15	0.00031086802581990015	0.009678243944392413
19.41	3.681891811438522e-15	0.0003106218569560998	0.009670542800161872
19.43	3.6789644259437365e-15	0.00031037488883074873	0.009662816711437422
19.45	3.676027488994413e-15	0.0003101271148993889	0.00965506547406489
19.47	3.673080921691144e-15	0.000309878528505692	0.009647288880398671
19.49	3.670124643774884e-15	0.00030962912287862434	0.009639486719213232
19.509999999999998	3.667158573592221e-15	0.0003093788911295169	0.00963165877561164
19.529999999999998	3.664182628059527e-15	0.00030912782624904046	0.00962380483093115
19.549999999999997	3.661196722625816e-15	0.00030887592110407313	0.009615924662645403
19.57	3.658200771234381e-15	0.0003086231684344627	0.009608018044263372
19.59	3.655194686283092e-15	0.0003083695608496781	0.009600084745224812
19.61	3.652178378583285e-15	0.00030811509082534055	0.00959212453079199
19.63	3.649151757317244e-15	0.0003078597506996367	0.009584137161937704
19.65	3.646114729994149e-15	0.0003076035326696025	0.009576122395229265
19.669999999999998	3.6430672024044725e-15	0.00030734642878727506	0.009568079982708396
19.689999999999998	3.640009078572687e-15	0.00030708843095570386	0.009560009671766671
19.709999999999997	3.6369402607083555e-15	0.00030682953092482374	0.009551911205016712
19.729999999999997	3.633860649155271e-15	0.0003065697202871644	0.009543784320158236
19.75	3.6307701423388925e-15	0.0003063089904734158	0.009535628749839608
19.77	3.627668636711696e-15	0.0003060473327478176	0.009527444221513926
19.79	3.6245560266965146e-15	0.00030578473820337926	0.009519230457289782
19.81	3.621432204627749e-15	0.0003055211977569202	0.009510987173776431
19.83	3.618297060690288e-15	0.0003052567021439168	0.009502714081922919
19.849999999999998	3.6151504828561114e-15	0.0003049912419131538	0.009494410886851119
19.869999999999997	3.611992356818398e-15	0.00030472480742116566	0.009486077287682177
19.889999999999997	3.608822565923065e-15	0.00030445738882646056	0.009477712977356213
19.91	3.605640991097551e-15	0.00030418897608351257	0.00946931764244474
19.93	3.602447510776813e-15	0.00030391955893651804	0.009460890962955765
19.95	3.599242000826297e-15	0.0003036491269128972	0.009452432612130898
19.97	3.596024334461749e-15	0.00030337766931652887	0.009443942256234156
19.99	3.592794382165775e-15	0.0003031051752207116	0.009435419554332204
20.009999999999998	3.5895520116008975e-15	0.00030283163346082794	0.009426864158065347
20.029999999999998	3.586297087518983e-15	0.000302557032626704	0.00941827571140898
20.049999999999997	3.5830294716668294e-15	0.00030228136105464365	0.009409653850424924
20.069999999999997	3.579749022687709e-15	0.0003020046068191231	0.009400998203002102
20.09	3.5764555960186645e-15	0.00030172675772412546	0.00939230838858603
20.11	3.573149043783341e-15	0.00030144780129410007	0.009383584017896546
20.13	3.569829214680064e-15	0.00030116772476452007	0.009374824692633024
20.15	3.566495953864958e-15	0.00030088651507202165	0.009366030005166524
20.169999999999998	3.563149102829809e-15	0.0003006041588440999	0.00935719953821808
20.189999999999998	3.559788499274375e-15	0.00030032064238833683	0.009348332864522392
20.209999999999997	3.556413976972815e-15	0.00030003595168113194	0.009339429546476005
20.229999999999997	3.553025365633965e-15	0.000299750072355915	0.00933048913576928
20.25	3.5496224907550265e-15	0.0002994629896908021	0.009321511173001016
20.27	3.5462051734683115e-15	0.00029917468859566674	0.009312495187274797
20.29	3.542773230380689e-15	0.00029888515359859455	0.00930344069577609
20.31	3.539326473405209e-15	0.00029859436883167826	0.009294347203328748
20.33	3.5358647095845095e-15	0.0002983023180161197	0.00928521420192987
20.349999999999998	3.5323877409054433e-15	0.00029800898444659043	0.00927604117026153
20.369999999999997	3.5288953641044534e-15	0.0002977143509748128	0.009266827573178132
20.389999999999997	3.525387370463054e-15	0.00029741839999230526	0.009257572861167714
20.41	3.5218635455928536e-15	0.00029712111341224625	0.00924827646978569
20.43	3.518323669209397e-15	0.0002968224726503944	0.009238937819059137
20.45	3.5147675148941642e-15	0.00029652245860500924	0.009229556312859911
20.47	3.511194849843887e-15	0.0002962210516357029	0.009220131338244317
20.49	3.5076054346064407e-15	0.00029591823154115853	0.009210662264757448
20.509999999999998	3.5039990228023115e-15	0.0002956139775356316	0.009201148443699503
20.529999999999998	3.5003753608307253e-15	0.000295308268224158	0.009191589207351717
20.549999999999997	3.4967341875593795e-15	0.000295001081576378	0.00918198386815909
20.569999999999997	3.4930752339966482e-15	0.00029469239489888225	0.009172331717866942
20.59	3.4893982229449714e-15	0.0002943821848059698	0.009162632026607912
20.61	3.4857028686342022e-15	0.00029407042718871556	0.009152884041936158
20.63	3.4819888763333522e-15	0.00029375709718221547	0.009143086987804647
20.65	3.4782559419392084e-15	0.0002934421691308801	0.009133240063481525
20.669999999999998	3.4745037515401528e-15	0.0002931256165516362	0.009123342442401155
20.689999999999998	3.470731980953223e-15	0.00029280741209487175	0.009113393270944686
20.709999999999997	3.466940295232468e-15	0.00029248752750295735	0.009103391667144974
20.729999999999997	3.4631283481463317e-15	0.0002921659335661569	0.009093336719309938
20.75	3.4592957816216854e-15	0.0002918426000757227	0.009083227484558051
20.77	3.455442225151795e-15	0.0002915174957739494	0.009073062987258823
20.79	3.451567295165395e-15	0.00029119058830094565	0.009062842217370826
20.81	3.447670594353614e-15	0.00029086184413785066	0.009052564128668696
20.83	3.4437517109513107e-15	0.00029053122854620395	0.009042227636850031
20.849999999999998	3.4398102179689645e-15	0.0002901987055031443	0.009031831617512021
20.869999999999997	3.4358456723708363e-15	0.00028986423763207545	0.00902137490398657
20.889999999999997	3.431857614194812e-15	0.00028952778612841175	0.009010856285021757
20.91	3.427845565608705e-15	0.0002891893106799635	0.009000274502295921
20.93	3.423809029897342e-15	0.0002888487693814827	0.008989628247749414
20.95	3.4197474903740826e-15	0.0002885061186428336	0.008978916160717271
20.97	3.41566040920983e-15	0.00028816131309020263	0.00896813682484453
20.99	3.411547226171603e-15	0.00028781430545967823	0.008957288764763307
21.009999999999998	3.4074073572621174e-15	0.0002874650464824796	0.008946370442509087
21.029999999999998	3.4032401932505815e-15	0.0002871134847610073	0.008935380253650427
21.049999999999997	3.399045098083938e-15	0.0002867595666348087	0.008924316523103736
21.069999999999997	3.394821407166387e-15	0.00028640323603542977	0.00891317750060101
21.09	3.3905684254935485e-15	0.0002860444343290045	0.008901961355774686
21.11	3.386285425626004e-15	0.00028568310014529316	0.008890666172819313
21.13	3.381971645484902e-15	0.00028531916919170933	0.00887928994468449
21.15	3.377626285950168e-15	0.00028495257405069304	0.008867830566747779
21.169999999999998	3.373248508239212e-15	0.0002845832439585666	0.008856285829909353
21.189999999999998	3.3688374310410844e-15	0.00028421110456375813	0.008844653413042402
21.209999999999997	3.3643921273775726e-15	0.00028383607766198875	0.00883293087472418
21.229999999999997	3.3599116211587257e-15	0.00028345808090568053	0.008821115644162048
21.25	3.3553948833955447e-15	0.00028307702748444084	0.008809205011216332
21.27	3.350840828027217e-15	0.0002826928257730282	0.008797196115407746
21.29	3.3462483073137087e-15	0.00028230537894264945	0.00878508593377974
21.31	3.3416161067370914e-15	0.00028191458453081153	0.008772871267466667
21.33	3.33694293934587e-15	0.0002815203339641821	0.008760548726794536
21.349999999999998	3.332227439466075e-15	0.00028112251202802753	0.008748114714713557
21.369999999999997	3.3274681556901893e-15	0.0002807209962747254	0.008735565408328134
21.389999999999997	3.3226635430397276e-15	0.00028031565636256266	0.008722896738249908
21.409999999999997	3.317811954179192e-15	0.00027990635331450316	0.008710104365451637
21.43	3.312911629537026e-15	0.0002794929386847445	0.008697183655241622
21.45	3.307960686162587e-15	0.0002790752536186393	0.008684129647908155
21.47	3.3029571051154124e-15	0.00027865312778879416	0.008670937025497339
21.49	3.2978987171433292e-15	0.00027822637818680654	0.008657600074082852
21.509999999999998	3.2927831863565213e-15	0.00027779480774593214	0.008644112640756083
21.529999999999998	3.287607991543573e-15	0.0002773582037648174	0.008630468084404009
21.549999999999997	3.2823704046991317e-15	0.00027691633609599163	0.008616659219141086
21.569999999999997	3.277067466236848e-15	0.0002764689550547125	0.008602678249008426
21.59	3.2716959562394632e-15	0.0002760157889934876	0.00858851669223277
21.61	3.266252360942741e-15	0.00027555654147449956	0.008574165292928893
21.63	3.260732833449959e-15	0.0002750908879552946	0.008559613917602247
21.65	3.2551331474140575e-15	0.0002746184718811886	0.008544851433124636
21.669999999999998	3.2494486420842275e-15	0.00027413890004913667	0.008529865561959163
21.689999999999998	3.24367415666284e-15	0.00027365173706977243	0.008514642709222777
21.709999999999997	3.237803951314875e-15	0.00027315649870338863	0.00849916775458415
21.729999999999997	3.2318316113536684e-15	0.00027265264377659265	0.00848342379983865
21.75	3.2257499300032797e-15	0.0002721395642915833	0.008467391860042084
21.77	3.2195507635727923e-15	0.0002716165732079682	0.008451050481961918
21.79	3.213224850664916e-15	0.0002710828891903437	0.008434375267774307
21.81	3.206761583856884e-15	0.0002705376173462128	0.008417338273545828
21.83	3.2001487176236847e-15	0.00026997972458500316	0.008399907239740545
21.849999999999998	3.193371989285423e-15	0.00026940800763938886	0.008382044592581735
21.869999999999997	3.1864146190516476e-15	0.00026882105088665853	0.008363706126883768
21.889999999999997	3.179256638387267e-15	0.00026821716968647815	0.00834483923658094
21.909999999999997	3.1718739686140945e-15	0.0002675943326473473	0.008325380487227262
21.93	3.164237125853474e-15	0.00026695005236941627	0.008305252204052888
21.95	3.1563093484790568e-15	0.0002662812274675205	0.008284357538560543
21.97	3.1480437971432813e-15	0.0002655839063521341	0.008262573091711758
21.99	3.1393791952528456e-15	0.00026485291943920223	0.008239737428290808
22.009999999999998	3.1302326950767383e-15	0.00026408127730117816	0.008215632281854728
22.029999999999998	3.1204874473635977e-15	0.00026325912198098413	0.008189949805398212
22.049999999999997	3.1099690903325913e-15	0.00026237174349176616	0.00816223062862988
22.069999999999997	3.0983959893959573e-15	0.00026139538180386715	0.00813173275791811
22.09	3.085254954917889e-15	0.00026028674180547814	0.008097104137426064
22.11	3.069391832306856e-15	0.00025894845354093615	0.008055303998923041
22.13	3.046454558641597e-15	0.0002570133563397424	0.00799486620058612
22.15	3.0206416492319483e-15	0.0002548356568675974	0.007926855710551371
22.169999999999998	3.018641146448955e-15	0.00025466688496415124	0.007921585084625095
22.189999999999998	3.0166350378037065e-15	0.00025449764012357585	0.007916299717106497
22.209999999999997	3.0146232839224186e-15	0.000254327919024112	0.007910999504494675
22.229999999999997	3.012605844852594e-15	0.00025415771829517754	0.0079056843417669
22.249999999999996	3.010582680050432e-15	0.0002539870345163051	0.007900354122345505
22.27	3.0085537483678563e-15	0.0002538158642160478	0.007895008738063772
22.29	3.006519008039191e-15	0.0002536442038708552	0.007889648079130875
22.31	3.00447841666743e-15	0.00025347204990391463	0.00788427203409577
22.33	3.002431931210116e-15	0.00025329939868396037	0.007878880489810074
22.349999999999998	3.000379507964791e-15	0.0002531262465240457	0.007873473331389763
22.369999999999997	2.998321102554022e-15	0.0002529525896802799	0.007868050442175816
22.389999999999997	2.9962566699099714e-15	0.00025277842435052645	0.007862611703693618
22.409999999999997	2.994186164258514e-15	0.00025260374667306296	0.007857156995611184
22.43	2.9921095391028527e-15	0.0002524285527251992	0.007851686195696074
22.45	2.9900267472066506e-15	0.00025225283852185363	0.007846199179771021
22.47	2.9879377405766212e-15	0.0002520766000140851	0.007840695821668136
22.49	2.985842470444614e-15	0.0002518998330875809	0.007835175993181797
22.509999999999998	2.9837408872490926e-15	0.00025172253356109495	0.007829639564019927
22.529999999999998	2.9816329406160776e-15	0.00025154469718483935	0.007824086401753872
22.549999999999997	2.9795185793394424e-15	0.00025136631963882235	0.007818516371766572
22.569999999999997	2.9773977513606015e-15	0.00025118739653113474	0.007812929337199135
22.59	2.9752704037475546e-15	0.000251007923396182	0.007807325158895721
22.61	2.9731364826732203e-15	0.00025082789569285616	0.007801703695346554
22.63	2.970995933393086e-15	0.0002506473088026505	0.0077960648026291325
22.65	2.968848700222112e-15	0.00025046615802771095	0.0077904083343474815
22.669999999999998	2.966694726510871e-15	0.0002502844385888231	0.007784734141569395
22.689999999999998	2.9645339546208866e-15	0.00025010214562333174	0.007779042072761564
22.709999999999997	2.9623663258991456e-15	0.00024991927418299047	0.007773331973722544
22.729999999999997	2.960191780651738e-15	0.0002497358192317379	0.007767603687513412
22.749999999999996	2.9580102581166e-15	0.00024955177564339807	0.007761857054386079
22.77	2.955821696435311e-15	0.00024936713819930125	0.0077560919117090985
22.79	2.9536260326239164e-15	0.0002491819015858223	0.007750308093890934
22.81	2.951423202542716e-15	0.0002489960603918319	0.007744505432300482
22.83	2.9492131408649953e-15	0.00024880960910605857	0.007738683755184826
22.849999999999998	2.946995781044635e-15	0.000248622542114356	0.007732842887584044
22.869999999999997	2.9447710552825595e-15	0.0002484348536968726	0.007726982651242947
22.889999999999997	2.942538894491972e-15	0.0002482465380251185	0.007721102864519648
22.909999999999997	2.9402992282623073e-15	0.0002480575891589245	0.00771520334229073
22.93	2.9380519848218667e-15	0.00024786800104328963	0.007709283895852974
22.95	2.935797090999072e-15	0.0002476777675051125	0.007703344332821437
22.97	2.9335344721822347e-15	0.0002474868822497972	0.00769738445702363
22.99	2.9312640522778507e-15	0.00024729533885773476	0.007691404068389813
23.009999999999998	2.9289857536672572e-15	0.00024710313078064666	0.007685402962838998
23.029999999999998	2.9266994971616553e-15	0.0002469102513377902	0.007679380932160625
23.049999999999997	2.924405201955376e-15	0.00024671669371201585	0.007673337763891643
23.069999999999997	2.9221027855773048e-15	0.00024652245094566926	0.00766727324118873
23.089999999999996	2.919792163840399e-15	0.0002463275159363322	0.007661187142695511
23.11	2.9174732507891952e-15	0.0002461318814323941	0.007655079242404468
23.13	2.9151459586451886e-15	0.00024593554002844386	0.007648949309513275
23.15	2.912810197750003e-15	0.00024573848416047567	0.0076427971082753034
23.169999999999998	2.9104658765062337e-15	0.000245540706100898	0.007636622397844015
23.189999999999998	2.908112901315829e-15	0.00024534219795333527	0.007630424932110877
23.209999999999997	2.9057511765159127e-15	0.0002451429516472134	0.007624204459536547
23.229999999999997	2.9033806043118886e-15	0.00024494295893211655	0.007617960722974902
23.249999999999996	2.901001084707696e-15	0.00024474221137190267	0.0076116934594895845
23.27	2.8986125154330735e-15	0.0002445407003385674	0.007605402400162666
23.29	2.896214791867646e-15	0.0002443384170058398	0.0075990872698949614
23.31	2.8938078069617058e-15	0.00024413535234249858	0.007592747787197643
23.33	2.8913914511534594e-15	0.0002439314971053913	0.0075863836639745615
23.349999999999998	2.888965612282584e-15	0.00024372684183214112	0.007579994605294853
23.369999999999997	2.8865301754998723e-15	0.00024352137683352414	0.007573580309155257
23.389999999999997	2.8840850231727453e-15	0.00024331509218549806	0.007567140466231576
23.409999999999997	2.8816300347863976e-15	0.00024310797772086225	0.007560674759618623
23.43	2.879165086840347e-15	0.0002429000230205303	0.007554182864558103
23.45	2.8766900527400904e-15	0.00024269121740438945	0.007547664448153603
23.47	2.874204802683593e-15	0.00024248154992172438	0.007541119169072004
23.49	2.871709203542319e-15	0.00024227100934118037	0.007534546677230519
23.509999999999998	2.8692031187364637e-15	0.00024205958414023722	0.007527946613468492
23.529999999999998	2.8666864081040244e-15	0.00024184726249416364	0.007521318609202979
23.549999999999997	2.8641589277633693e-15	0.0002416340322644227	0.007514662286067224
23.569999999999997	2.8616205299688594e-15	0.0002414198809864915	0.0075079772555308654
23.589999999999996	2.859071062959137e-15	0.00024120479585706213	0.007501263118500849
23.61	2.856510370797566e-15	0.00024098876372058024	0.007494519464901686
23.63	2.8539382932043624e-15	0.00024077177105508315	0.007487745873233868
23.65	2.8513546653798594e-15	0.00024055380395728918	0.007480941910108942
23.669999999999998	2.8487593178183325e-15	0.0002403348481268915	0.007474107129759758
23.689999999999998	2.8461520761117392e-15	0.00024011488885000037	0.007467241073524194
23.709999999999997	2.8435327607427415e-15	0.0002398939109816817	0.007460343269300671
23.729999999999997	2.8409011868662326e-15	0.00023967189892752546	0.0074534132309734364
23.749999999999996	2.838257164078602e-15	0.00023944883662418008	0.00744645045780559
23.77	2.835600496173893e-15	0.0002392247075187803	0.007439454433797618
23.79	2.8329309808859084e-15	0.00023899949454719046	0.007432424627008978
23.81	2.8302484096152683e-15	0.00023877318011097736	0.007425360488840077
23.83	2.8275525671403263e-15	0.00023854574605302212	0.0074182614532718
23.849999999999998	2.824843231310778e-15	0.0002383171736316714	0.007411126936059504
23.869999999999997	2.8221201727226396e-15	0.00023808744349331697	0.007403956333877987
23.889999999999997	2.81938315437322e-15	0.0002378565356432877	0.00739674902341385
23.909999999999997	2.816631931294557e-15	0.00023762442941492435	0.007389504360401182
23.929999999999996	2.813866250163613e-15	0.000237391103436694	0.007382221678596113
23.95	2.8110858488874447e-15	0.00023715653559719274	0.007374900288685531
23.97	2.808290456161328e-15	0.00023692070300786723	0.007367539477124648
23.99	2.8054797909976397e-15	0.00023668358196326882	0.007360138504897635
24.009999999999998	2.8026535622231114e-15	0.0002364451478986395	0.007352696606195046
24.029999999999998	2.7998114679417942e-15	0.00023620537534460505	0.007345212987001046
24.049999999999997	2.796953194960856e-15	0.00023596423787873268	0.007337686823582849
24.069999999999997	2.7940784181759735e-15	0.00023572170807367967	0.007330117260873863
24.089999999999996	2.791186799912812e-15	0.00023547775744163748	0.0073225034107413075
24.11	2.788277989220689e-15	0.00023523235637474193	0.007314844350128046
24.13	2.7853516211140845e-15	0.00023498547408108336	0.007307139119057201
24.15	2.7824073157572255e-15	0.0002347370785159144	0.007299386718487017
24.169999999999998	2.7794446775864016e-15	0.00023448713630760414	0.007291586108001901
24.189999999999998	2.776463294364121e-15	0.00023423561267784252	0.0072837362033241525
24.209999999999997	2.7734627361584894e-15	0.00023398247135553572	0.007275835873628968
24.229999999999997	2.7704425542404654e-15	0.00023372767448377342	0.007267883938643391
24.249999999999996	2.7674022798907467e-15	0.00023347118251917202	0.007259879165507516
24.27	2.7643414231070557e-15	0.0002332129541228153	0.007251820265373668
24.29	2.7612594712014757e-15	0.0002329529460419188	0.007243705889716316
24.31	2.7581558872761353e-15	0.00023269111298123153	0.007235534626321944
24.33	2.7550301085641443e-15	0.00023242740746306934	0.007227304994924421
24.349999999999998	2.7518815446208227e-15	0.0002321617796747185	0.007219015442446518
24.369999999999997	2.7487095753484526e-15	0.00023189417730179424	0.0072106643378034435
24.389999999999997	2.7455135488353396e-15	0.00023162454534593396	0.007202249966217868
24.409999999999997	2.7422927789874167e-15	0.00023135282592498792	0.007193770522989141
24.429999999999996	2.7390465429274838e-15	0.0002310789580536068	0.007185224106651211
24.45	2.7357740781335554e-15	0.00023080287740181917	0.00717660871144416
24.47	2.7324745792835995e-15	0.00023052451602883866	0.0071679222190133025
24.49	2.7291471947689406e-15	0.00023024380208891803	0.007159162389236585
24.509999999999998	2.725791022832756e-15	0.00022996065950557464	0.00715032685006565
24.529999999999998	2.722405107283145e-15	0.00022967500760992434	0.007141413086247663
24.549999999999997	2.718988432722024e-15	0.00022938676073816866	0.007132418426773326
24.569999999999997	2.7155399192211955e-15	0.00022909582778244254	0.007123340030870489
24.589999999999996	2.7120584163652524e-15	0.00022880211168824574	0.00711417487233197
24.61	2.708542696566631e-15	0.00022850550889046869	0.007104919721928473
24.63	2.7049914475411024e-15	0.00022820590867858947	0.007095571127612735
24.65	2.7014032638109676e-15	0.00022790319247984308	0.007086125392165643
24.669999999999998	2.6977766370778565e-15	0.0002275972330470249	0.007076578547868409
24.689999999999998	2.694109945275503e-15	0.00022728789353493106	0.007066926327701888
24.709999999999997	2.690401440074305e-15	0.0002269750264461837	0.007057164132472701
24.729999999999997	2.6866492325611783e-15	0.00022665847242311568	0.007047286993138711
24.749999999999996	2.682851276757878e-15	0.0002263380588572979	0.007037289527447721
24.769999999999996	2.679005350565053e-15	0.00022601359828188934	0.007027165889803481
24.79	2.6751090336225684e-15	0.00022568488650382893	0.007016909713018659
24.81	2.671159681453191e-15	0.00022535170042247408	0.007006514040289637
24.83	2.6671543950970302e-15	0.00022501379546781833	0.006995971245307837
24.849999999999998	2.663089985236393e-15	0.0002246709025738936	0.006985272937875697
24.869999999999997	2.6589629295371887e-15	0.00022432272457988917	0.0069744098516759095
24.889999999999997	2.654769321569639e-15	0.0002239689319208601	0.006963371709886315
24.909999999999997	2.650504809182322e-15	0.0002236091574286696	0.006952147063047224
24.929999999999996	2.6461645195385286e-15	0.0002232429900077003	0.006940723091838044
24.95	2.6417429671064346e-15	0.00022286996687246883	0.006929085365006367
24.97	2.6372339396105332e-15	0.00022248956392594777	0.006917217539314285
24.99	2.6326303551255104e-15	0.000222101183703327	0.006905100983561897
25.009999999999998	2.62792408085036e-15	0.0002217041400829386	0.006892714301793292
25.029999999999998	2.6231057001990427e-15	0.00022129763863692009	0.006880032720525551
25.049999999999997	2.6181642089592723e-15	0.0002208807509977284	0.006867027289358789
25.069999999999997	2.6130866121768603e-15	0.0002204523808493913	0.006853663820398711
25.089999999999996	2.607857378978152e-15	0.00022001121793374206	0.006839901453918908
25.11	2.6024576888721006e-15	0.0002195556744648877	0.006825690675412211
25.13	2.5968643628686664e-15	0.00021908379495328716	0.006810970503401976
25.15	2.591048301558706e-15	0.00021859312443476246	0.006795664380080226
25.169999999999998	2.584972119907554e-15	0.0002180805089304666	0.006779673948515049
25.189999999999998	2.5785864074311035e-15	0.00021754177993759923	0.006762869213261339
25.209999999999997	2.5718234893253695e-15	0.00021697122808870493	0.006745072126011757
25.229999999999997	2.564586282346837e-15	0.00021636066298088088	0.006726027265582497
25.249999999999996	2.5567265017532275e-15	0.00021569757460993263	0.006705344500601448
25.269999999999996	2.5479962878266782e-15	0.0002149610523544269	0.006682371719181173
25.29	2.5379179814588744e-15	0.00021411079862638033	0.006655852208674678
25.31	2.5252888261671314e-15	0.00021304534318406643	0.006622621525003146
25.33	2.502168282042046e-15	0.00021109478441760349	0.006561788053890635
25.349999999999998	2.4939239434286954e-15	0.0002103992529080958	0.0065400969103647025
25.369999999999997	2.4925379182835586e-15	0.0002102823212527352	0.006536450275882152
25.389999999999997	2.4911485148610525e-15	0.00021016510458987203	0.0065327947664927275
25.409999999999997	2.4897557125011253e-15	0.00021004760117652638	0.0065291303279376685
25.429999999999996	2.488359490278832e-15	0.00020992980924737064	0.006525456905262327
25.45	2.486959826999318e-15	0.0002098117270143063	0.0065217744428029785
25.47	2.485556701192658e-15	0.00020969335266602868	0.00651808288417327
25.49	2.4841500911085763e-15	0.00020957468436758135	0.006514382172250347
25.509999999999998	2.482739974711024e-15	0.00020945572025989865	0.006510672249160596
25.529999999999998	2.48132632967263e-15	0.00020933645845933773	0.006506953056265075
25.549999999999997	2.479909133368999e-15	0.00020921689705719724	0.00650322453414453
25.569999999999997	2.478488362872867e-15	0.00020909703411922445	0.006499486622584032
25.589999999999996	2.477063994948101e-15	0.00020897686768510897	0.0064957392605572185
25.609999999999996	2.4756360060435502e-15	0.00020885639576796405	0.006491982386210138
25.63	2.4742043722867242e-15	0.0002087356163537931	0.006488215936844633
25.65	2.472769069477317e-15	0.00020861452740094353	0.006484439848901328
25.669999999999998	2.471330073080545e-15	0.00020849312683954472	0.006480654057942131
25.689999999999998	2.4698873582203137e-15	0.00020837141257093122	0.006476858498632265
25.709999999999997	2.4684408996722068e-15	0.0002082493824670517	0.006473053104721863
25.729999999999997	2.4669906718562688e-15	0.00020812703436985978	0.0064692378090269904
25.749999999999996	2.4655366488296034e-15	0.00020800436609068966	0.00646541254341021
25.769999999999996	2.464078804278771e-15	0.00020788137540961478	0.006461577238760592
25.79	2.4626171115119567e-15	0.000207758060074787	0.006457731824973148
25.81	2.461151543450947e-15	0.00020763441780175982	0.006453876230927743
25.83	2.459682072622859e-15	0.00020751044627279053	0.006450010384467365
25.849999999999998	2.458208671151655e-15	0.00020738614313612437	0.006446134212375829
25.869999999999997	2.4567313107494003e-15	0.00020726150600525702	0.006442247640354806
25.889999999999997	2.455249962707279e-15	0.00020713653245817655	0.006438350593000222
25.909999999999997	2.4537645978863547e-15	0.00020701122003658411	0.00643444299377797
25.929999999999996	2.452275186708063e-15	0.0002068855662450917	0.006430524764998939
25.95	2.450781699144412e-15	0.00020675956855039547	0.006426595827793262
25.97	2.449284104707925e-15	0.0002066332243804273	0.006422656102083887
25.99	2.447782372441248e-15	0.00020650653112347803	0.006418705506559275
26.009999999999998	2.446276470906494e-15	0.00020637948612729833	0.0064147439586453945
26.029999999999998	2.4447663681742204e-15	0.00020625208669816897	0.006410771374476767
26.049999999999997	2.443252031812112e-15	0.00020612433009994604	0.006406787668866726
26.069999999999997	2.441733428873299e-15	0.0002059962135530753	0.006402792755276719
26.089999999999996	2.44021052588433e-15	0.00020586773423357765	0.006398786545784711
26.109999999999996	2.43868328883276e-15	0.00020573888927200192	0.006394768951052568
26.13	2.437151683154373e-15	0.0002056096757523469	0.006390739880292484
26.15	2.4356156737199934e-15	0.00020548009071094864	0.006386699241232324
26.169999999999998	2.434075224821879e-15	0.00020535013113533274	0.006382646940079872
26.189999999999998	2.4325303001596974e-15	0.0002052197939630309	0.006378582881485985
26.209999999999997	2.4309808628260364e-15	0.00020508907608035882	0.006374506968506515
26.229999999999997	2.429426875291468e-15	0.00020495797432115595	0.006370419102563065
26.249999999999996	2.427868299389116e-15	0.00020482648546548356	0.006366319183402441
26.269999999999996	2.4263050962987178e-15	0.00020469460623828017	0.006362207109054766
26.29	2.4247372265301745e-15	0.00020456233330797373	0.006358082775790261
26.31	2.4231646499065496e-15	0.00020442966328504733	0.006353946078074572
26.33	2.421587325546495e-15	0.0002042965927205565	0.006349796908522586
26.349999999999998	2.420005211846089e-15	0.00020416311810459708	0.006345635157850714
26.369999999999997	2.418418266460075e-15	0.00020402923586472244	0.006341460714827589
26.389999999999997	2.416826446282427e-15	0.00020389494236430368	0.0063372734662229995
26.409999999999997	2.4152297074262747e-15	0.00020376023390083632	0.006333073296755141
26.429999999999996	2.413628005203118e-15	0.00020362510670418648	0.006328860089035996
26.45	2.4120212941013173e-15	0.0002034895569347764	0.006324633723514816
26.47	2.410409527763833e-15	0.00020335358068170636	0.006320394078419626
26.49	2.4087926589651464e-15	0.0002032171739608076	0.006316141029696582
26.509999999999998	2.4071706395874063e-15	0.00020308033271262992	0.0063118744509472885
26.529999999999998	2.405543420595647e-15	0.00020294305280035106	0.006307594213363683
26.549999999999997	2.403910952012161e-15	0.0002028053300076146	0.0063033001856606955
26.569999999999997	2.4022731828898997e-15	0.00020266716003628578	0.006298992234006344
26.589999999999996	2.400630061284889e-15	0.00020252853850412464	0.006294670221949267
26.609999999999996	2.3989815342276353e-15	0.00020238946094237347	0.006290334010343574
26.63	2.3973275476934262e-15	0.00020224992279325126	0.006285983457270809
26.65	2.3956680465715254e-15	0.00020210991940735487	0.006281618417959
26.669999999999998	2.394002974633176e-15	0.00020196944604095968	0.00627723874469859
26.689999999999998	2.3923322744983562e-15	0.00020182849785321493	0.006272844286755067
26.709999999999997	2.3906558876012693e-15	0.0002016870699032322	0.006268434890278292
26.729999999999997	2.38897375415444e-15	0.00020154515714705646	0.006264010398208146
26.749999999999996	2.387285813111403e-15	0.00020140275443451838	0.006259570650176488
26.769999999999996	2.385592002127895e-15	0.0002012598565059602	0.006255115482405183
26.79	2.3838922575214714e-15	0.00020111645798882882	0.0062506447275999764
26.81	2.382186514229479e-15	0.00020097255339413024	0.00624615821484006
26.83	2.3804747057652986e-15	0.0002008281371127379	0.006241655769463089
26.849999999999998	2.3787567641727514e-15	0.0002006832034115462	0.006237137212945374
26.869999999999997	2.3770326199786244e-15	0.00020053774642946545	0.006232602362777126
26.889999999999997	2.3753022021431372e-15	0.00020039176017324273	0.006228051032332297
26.909999999999997	2.373565438008334e-15	0.00020024523851310832	0.006223483030732962
26.929999999999996	2.3718222532442097e-15	0.00020009817517823038	0.006218898162707759
26.949999999999996	2.370072571792508e-15	0.0001999505637519737	0.006214296228444193
26.97	2.368316315808033e-15	0.0001998023976669483	0.006209677023434421
26.99	2.366553405597331e-15	0.00019965367019983643	0.00620504033831412
27.009999999999998	2.3647837595546536e-15	0.00019950437446599012	0.006200385958694208
27.029999999999998	2.363007294094965e-15	0.00019935450341377925	0.00619571366498481
27.049999999999997	2.3612239235839105e-15	0.00019920404981868352	0.006191023232211213
27.069999999999997	2.359433560264511e-15	0.00019905300627710788	0.006186314429821252
27.089999999999996	2.357636114180428e-15	0.000198901365199909	0.006181587021483653
27.109999999999996	2.3558314930956022e-15	0.00019874911880561537	0.006176840764876858
27.13	2.354019602410027e-15	0.00019859625911332178	0.006172075411467702
27.15	2.3522003450714485e-15	0.00019844277793523973	0.006167290706279366
27.169999999999998	2.350373621482752e-15	0.00019828866686888422	0.006162486387648015
27.189999999999998	2.3485393294047443e-15	0.00019813391728887197	0.006157662186967315
27.209999999999997	2.3466973638540878e-15	0.00019797852033831068	0.006152817828420234
27.229999999999997	2.3448476169960578e-15	0.0001978224669197515	0.006147953028697212
27.249999999999996	2.3429899780318057e-15	0.00019766574768567807	0.006143067496699919
27.269999999999996	2.3411243330797813e-15	0.00019750835302850258	0.006138160933229642
27.29	2.3392505650509476e-15	0.00019735027307003853	0.006133233030659373
27.31	2.3373685535173555e-15	0.00019719149765041295	0.0061282834725884415
27.33	2.3354781745736883e-15	0.0001970320163163856	0.006123311933478671
27.349999999999998	2.333579300691247e-15	0.00019687181830903053	0.006118318078270681
27.369999999999997	2.331671800563948e-15	0.00019671089255074374	0.0061133015619791765
27.389999999999997	2.3297555389456908e-15	0.00019654922763152273	0.006108262029265583
27.409999999999997	2.327830376478591e-15	0.00019638681179447534	0.00610319911398666
27.429999999999996	2.325896169511375e-15	0.00019622363292049876	0.006098112438717265
27.449999999999996	2.323952769907274e-15	0.0001960596785120726	0.006093001614245523
27.47	2.322000024840648e-15	0.00019589493567610095	0.006087866239038378
27.49	2.3200377765815298e-15	0.00019572939110573562	0.006082705898675396
27.509999999999998	2.3180658622671805e-15	0.0001955630310611035	0.006077520165248444
27.529999999999998	2.3160841136597147e-15	0.00019539584134885862	0.006072308596724748
27.549999999999997	2.314092356888711e-15	0.00019522780730046754	0.006067070736270501
27.569999999999997	2.3120904121776683e-15	0.00019505891374913188	0.006061806111532021
27.589999999999996	2.310078093553055e-15	0.00019488914500524244	0.006056514233871154
27.609999999999996	2.3080552085345528e-15	0.0001947184848302466	0.0060511945975512665
27.63	2.3060215578050187e-15	0.0001945469164088048	0.006045846678869933
27.65	2.303976934858481e-15	0.00019437442231909376	0.006040469935233897
27.669999999999998	2.301921125624375e-15	0.00019420098450110532	0.006035063804171597
27.689999999999998	2.2998539080660347e-15	0.0001940265842227731	0.006029627702278024
27.709999999999997	2.297775051751209e-15	0.0001938512020437395	0.006024161024086081
27.729999999999997	2.2956843173922107e-15	0.00019367481777656022	0.006018663140858117
27.749999999999996	2.293581456353049e-15	0.00019349741044512376	0.006013133399290706
27.769999999999996	2.291466210120539e-15	0.0001933189582400317	0.0060075711201247545
27.789999999999996	2.2893383097361514e-15	0.00019313943847066675	0.006001975596652436
27.81	2.2871974751849905e-15	0.00019295882751364422	0.00599634609311146
27.83	2.2850434147378315e-15	0.00019277710075730293	0.005990681842955974
27.849999999999998	2.282875824241767e-15	0.00019259423254186104	0.005984982046992425
27.869999999999997	2.2806943863544434e-15	0.00019241019609481233	0.005979245871367155
27.889999999999997	2.2784987697163143e-15	0.00019222496346109382	0.005973472445391122
27.909999999999997	2.276288628054636e-15	0.0001920385054274944	0.0059676608591852365
27.929999999999996	2.2740635992122288e-15	0.0001918507914407167	0.005961810161127973
27.949999999999996	2.271823304093096e-15	0.00019166178951842425	0.005955919355084487
27.97	2.2695673455160416e-15	0.0001914714661525275	0.0059499873973939575
27.99	2.2672953069662717e-15	0.00019127978620386282	0.005944013193588822
28.009999999999998	2.265006751233641e-15	0.00019108671278730865	0.005937995594816114
28.029999999999998	2.262701218924704e-15	0.00019089220714625494	0.005931933393927157
28.049999999999997	2.2603782268339795e-15	0.00019069622851519536	0.005925825321197273
28.069999999999997	2.2580372661577398e-15	0.00019049873396903414	0.005919670039631629
28.089999999999996	2.2556778005313645e-15	0.00019029967825750783	0.005913466139807423
28.109999999999996	2.253299263868387e-15	0.00019009901362287707	0.005907212134194899
28.13	2.250901057976232e-15	0.00018989668959877893	0.005900906450891507
28.15	2.24848254991972e-15	0.00018969265278779955	0.005894547426693178
28.169999999999998	2.2460430690989173e-15	0.00018948684661494774	0.0058881332994148985
28.189999999999998	2.2435819040025944e-15	0.00018927921105376142	0.005881662199358761
28.209999999999997	2.241098298592069e-15	0.00018906968232123135	0.0058751321398106526
28.229999999999997	2.2385914482627008e-15	0.0001888581925370937	0.005868541006427001
28.249999999999996	2.2360604953210666e-15	0.00018864466934226308	0.005861886545348695
28.269999999999996	2.2335045239048817e-15	0.0001884290354702532	0.005855166349850516
28.289999999999996	2.230922554259294e-15	0.0001882112082642975	0.005848377845299092
28.31	2.228313536267014e-15	0.00018799109913152066	0.0058415182721498855
28.33	2.2256763421097077e-15	0.0001877686129238186	0.005834584666661084
28.349999999999998	2.2230097579136974e-15	0.00018754364723305028	0.005827573838938211
28.369999999999997	2.220312474202575e-15	0.00018731609158557488	0.005820482347843207
28.389999999999997	2.217583074941573e-15	0.00018708582651798294	0.005813306472202574
28.409999999999997	2.2148200249110796e-15	0.00018685272251186627	0.005806042177624403
28.429999999999996	2.21202165508681e-15	0.00018661663876041976	0.005798685078076739
28.449999999999996	2.2091861456277856e-15	0.00018637742173322673	0.005791230391179115
28.47	2.2063115059755325e-15	0.00018613490349733277	0.005783672885902147
28.49	2.2033955514410484e-15	0.00018588889974201136	0.005776006821036723
28.509999999999998	2.2004358754907502e-15	0.0001856392074406749	0.005768225872359778
28.529999999999998	2.197429816724071e-15	0.00018538560206494818	0.005760323045849293
28.549999999999997	2.194374419244203e-15	0.0001851278342413562	0.005752290573535936
28.569999999999997	2.19126638473036e-15	0.00018486562570791307	0.0057441197875456
28.589999999999996	2.1881020139829353e-15	0.00018459866438259414	0.005735800966475774
28.609999999999996	2.1848771349689187e-15	0.00018432659829290606	0.0057273231462934004
28.629999999999995	2.1815870133487325e-15	0.00018404902802750646	0.005718673885192282
28.65	2.1782262399700672e-15	0.0001837654972446501	0.005709838967917591
28.669999999999998	2.174788587637203e-15	0.0001834754805885695	0.00570080202934339
28.689999999999998	2.1712668262305955e-15	0.00018317836809208656	0.005691544068590532
28.709999999999997	2.1676524803396788e-15	0.0001828734447293657	0.0056820428120634625
28.729999999999997	2.1639355059205875e-15	0.00018255986313722616	0.0056722718636761415
28.749999999999996	2.1601038502276387e-15	0.00018223660648887419	0.005662199548309038
28.769999999999996	2.156142838964228e-15	0.00018190243679104594	0.0056517873011800775
28.789999999999996	2.1520342997007275e-15	0.0001815558209313836	0.005640987364096131
28.81	2.1477552679443997e-15	0.00018119482151635586	0.005629739384866946
28.83	2.1432760037654985e-15	0.00018081692954442864	0.00561796520478142
28.849999999999998	2.1385568084944656e-15	0.00018041879584754147	0.005605560492529851
28.869999999999997	2.133542613247534e-15	0.00017999577455346007	0.005592380522224521
28.889999999999997	2.12815307232547e-15	0.00017954108731790594	0.005578214137678196
28.909999999999997	2.1222625290249354e-15	0.00017904413314537757	0.005562731100122715
28.929999999999996	2.115653306281225e-15	0.00017848654776622281	0.005545359330199969
28.949999999999996	2.107879350992026e-15	0.0001778307000250364	0.0055249265478242915
28.97	2.097648668549774e-15	0.0001769675911286077	0.0054980372290618675
28.99	2.0789309297407754e-15	0.0001753884739017496	0.005448843238155016
29.009999999999998	2.077965901576413e-15	0.00017530705954853644	0.005446307015198912
29.029999999999998	2.0769988355735017e-15	0.0001752254732735975	0.005443765442983617
29.049999999999997	2.0760297209536567e-15	0.00017514371416761713	0.005441218493223084
29.069999999999997	2.0750585468186314e-15	0.0001750617813111676	0.005438666137316622
29.089999999999996	2.0740853021483438e-15	0.0001749796737745425	0.005436108346343727
29.109999999999996	2.073109975798862e-15	0.00017489739061758686	0.005433545091058792
29.129999999999995	2.072132556500349e-15	0.00017481493088952383	0.005430976341885705
29.15	2.0711530328549373e-15	0.00017473229362877516	0.005428402068912276
29.169999999999998	2.070171393334609e-15	0.00017464947786278263	0.005425822241884668
29.189999999999998	2.069187626278971e-15	0.00017456648260782018	0.005423236830201561
29.209999999999997	2.068201719893015e-15	0.00017448330686880496	0.005420645802908262
29.229999999999997	2.067213662244824e-15	0.00017439994963910384	0.005418049128690695
29.249999999999996	2.0662234412632117e-15	0.00017431640990033429	0.005415446775869193
29.269999999999996	2.0652310447353258e-15	0.00017423268662216217	0.005412838712392217
29.289999999999996	2.064236460304191e-15	0.00017414877876209444	0.005410224905829896
29.31	2.0632396754661857e-15	0.00017406468526526625	0.005407605323367404
29.33	2.0622406775684814e-15	0.000173980405064225	0.005404979931798248
29.349999999999998	2.061239453806396e-15	0.00017389593707870698	0.0054023486975172995
29.369999999999997	2.060235991220715e-15	0.00017381128021541137	0.005399711586513785
29.389999999999997	2.0592302766949273e-15	0.00017372643336776707	0.005397068564364011
29.409999999999997	2.0582222969524005e-15	0.00017364139541569442	0.005394419596223956
29.429999999999996	2.0572120385535074e-15	0.0001735561652253627	0.005391764646821727
29.449999999999996	2.0561994878926506e-15	0.0001734707416489392	0.005389103680449744
29.469999999999995	2.05518463119525e-15	0.00017338512352433501	0.005386436660956836
29.49	2.054167454514639e-15	0.00017329930967494315	0.005383763551740087
29.509999999999998	2.0531479437288846e-15	0.00017321329890937045	0.0053810843157364955
29.529999999999998	2.052126084537544e-15	0.00017312709002116364	0.005378398915414447
29.549999999999997	2.0511018624583235e-15	0.00017304068178852774	0.005375707312764957
29.569999999999997	2.050075262823674e-15	0.0001729540729740388	0.0053730094692927225
29.589999999999996	2.0490462707772874e-15	0.00017286726232434817	0.005370305346006927
29.609999999999996	2.0480148712705136e-15	0.0001727802485698803	0.005367594903411833
29.629999999999995	2.0469810490586907e-15	0.00017269303042452327	0.005364878101497151
29.65	2.045944788697367e-15	0.00017260560658530989	0.005362154899728116
29.669999999999998	2.044906074538451e-15	0.00017251797573209288	0.005359425257035381
29.689999999999998	2.0438648907262442e-15	0.00017243013652721033	0.005356689131804604
29.709999999999997	2.042821221193378e-15	0.0001723420876151428	0.005353946481865779
29.729999999999997	2.041775049656654e-15	0.0001722538276221625	0.005351197264482315
29.749999999999996	2.040726359612764e-15	0.00017216535515597204	0.005348441436339797
29.769999999999996	2.0396751343339057e-15	0.00017207666880533464	0.005345678953534481
29.789999999999996	2.0386213568632817e-15	0.00017198776713969448	0.005342909771561473
29.81	2.0375650100104846e-15	0.00017189864870878726	0.005340133845302615
29.83	2.036506076346744e-15	0.00017180931204223922	0.005337351129014003
29.849999999999998	2.035444538200072e-15	0.00017171975564915767	0.005334561576313245
29.869999999999997	2.0343803776502505e-15	0.00017162997801770796	0.005331765140166301
29.889999999999997	2.0333135765237022e-15	0.00017153997761468095	0.0053289617728740175
29.909999999999997	2.0322441163882233e-15	0.0001714497528850485	0.005326151426058293
29.929999999999996	2.031171978547551e-15	0.0001713593022515052	0.0053233340506478235
29.949999999999996	2.0300971440358042e-15	0.00017126862411399933	0.005320509596863498
29.969999999999995	2.029019593611761e-15	0.0001711777168492502	0.005317678014203386
29.99	2.0279393077529724e-15	0.0001710865788102514	0.005314839251427273
